date,inflow (m3/d)
2015-10-24,6365.983813925956
2015-10-25,157762.33206821364
2015-10-26,332260.6121700548
2015-10-27,344016.9509755777
2015-10-28,269605.7908254117
2015-10-29,238570.96588214044
2015-10-30,307516.6048746748
2015-10-31,328422.72043454106
2015-11-01,348921.11417386687
2015-11-02,467714.0899516168
2015-11-03,533489.2884714658
2015-11-04,545962.2855358433
2015-11-05,818221.9160389582
2015-11-06,930298.4179706388
2015-11-07,750457.0448211747
2015-11-08,604891.2095887595
2015-11-09,387118.99227575207
2015-11-10,256525.4436059784
2015-11-11,260637.61359012884
2015-11-12,255688.14715181003
2015-11-13,227160.8803982931
2015-11-14,246855.46616534304
2015-11-15,223233.5956842081
2015-11-16,189128.49429581704
2015-11-17,160750.1811800982
2015-11-18,97481.73519266488
2015-11-19,60844.311376490674
2015-11-20,38309.590944822514
2015-11-21,26112.64736432309
2015-11-22,17780.799335740892
2015-11-23,15410.447086284035
2015-11-24,13496.5820220358
2015-11-25,9708.574641463734
2015-11-26,7752.385825859641
2015-11-27,4708.785837776953
2015-11-28,3402.440378409139
2015-11-29,2809.7968827587065
2015-11-30,4947.919811099689
2015-12-01,7852.814156985377
2015-12-02,9320.716690392712
2015-12-03,9990.70899108496
2015-12-04,8295.367237959897
2015-12-05,6327.792818041185
2015-12-06,5086.65928943698
2015-12-07,5120.037381839201
2015-12-08,5137.287011903149
2015-12-09,5652.786407490611
2015-12-10,6198.709435274687
2015-12-11,5405.570098339435
2015-12-12,4886.548392354045
2015-12-13,6036.367524254593
2015-12-14,14487.970607763047
2015-12-15,24415.35556813133
2015-12-16,27101.447277359795
2015-12-17,22461.59683818862
2015-12-18,14865.608405263129
2015-12-19,9154.088036434485
2015-12-20,5434.865639001492
2015-12-21,3645.785838005156
2015-12-22,2801.84260069616
2015-12-23,2433.939064410096
2015-12-24,2127.297858957691
2015-12-25,1622.5088960081089
2015-12-26,1158.410768921064
2015-12-27,836.7345540478541
2015-12-28,711.4626595732033
2015-12-29,637.996924731574
2015-12-30,588.390936266304
2015-12-31,575.1756677433197
2016-01-01,555.6402094539629
2016-01-02,511.3232280792662
2016-01-03,482.5784507256605
2016-01-04,455.7582647129549
2016-01-05,436.5602503605821
2016-01-06,421.9525867430477
2016-01-07,410.1866965064592
2016-01-08,400.92987228415774
2016-01-09,419.0539402661559
2016-01-10,421.3158678947203
2016-01-11,394.50042089892
2016-01-12,380.43928067436
2016-01-13,365.8079219723251
2016-01-14,356.4132185365862
2016-01-15,349.88398601286525
2016-01-16,345.00843306942045
2016-01-17,340.48931927575967
2016-01-18,336.2932855738512
2016-01-19,332.3729002029091
2016-01-20,328.6473429851885
2016-01-21,351.1384994474064
2016-01-22,358.000365940511
2016-01-23,338.032529241912
2016-01-24,328.50953472244606
2016-01-25,318.01715313319875
2016-01-26,312.1390033030454
2016-01-27,308.57020796909086
2016-01-28,306.26551664594206
2016-01-29,304.1318825476848
2016-01-30,302.0932538723808
2016-01-31,300.12595266155614
2016-02-01,297.1749568069584
2016-02-02,296.6522190217949
2016-02-03,320.9919199161437
2016-02-04,329.5169831685312
2016-02-05,311.00322707459134
2016-02-06,302.8203125240313
2016-02-07,293.5919615483318
2016-02-08,288.8399802443241
2016-02-09,286.4402467995888
2016-02-10,285.1904699353728
2016-02-11,283.9739616059127
2016-02-12,282.8810028967027
2016-02-13,281.84030793504866
2016-02-14,279.7161494240131
2016-02-15,278.7419890852733
2016-02-16,277.7773410324058
2016-02-17,276.8126758534944
2016-02-18,276.9600159746986
2016-02-19,301.4755302368621
2016-02-20,310.6040609288649
2016-02-21,293.3163474694272
2016-02-22,285.9697703154009
2016-02-23,277.52551500786626
2016-02-24,273.4958337660058
2016-02-25,271.6710602622135
2016-02-26,270.9534992169715
2016-02-27,270.2406967612329
2016-02-28,269.64196589194273
2016-02-29,269.09075730674016
2016-03-01,267.4703046694349
2016-03-02,266.8620419416829
2016-03-03,266.2158254869555
2016-03-04,265.6455336122227
2016-03-05,265.1038397594467
2016-03-06,264.6001143131184
2016-03-07,264.11066463530017
2016-03-08,263.63067341867713
2016-03-09,263.15549461622595
2016-03-10,262.7895970052381
2016-03-11,377.2840177779437
2016-03-12,3654.695874818339
2016-03-13,19587.759004670785
2016-03-14,29478.8633042993
2016-03-15,25041.313936670984
2016-03-16,19246.3003839554
2016-03-17,11735.26742867574
2016-03-18,6933.666048816018
2016-03-19,4228.503136140684
2016-03-20,3086.657540852495
2016-03-21,2572.948916261395
2016-03-22,2343.7507334764173
2016-03-23,2639.547639461468
2016-03-24,3286.60219312471
2016-03-25,3278.755805045285
2016-03-26,2596.726915207874
2016-03-27,2379.6520942641782
2016-03-28,1984.3629292034807
2016-03-29,1717.847845931209
2016-03-30,1988.834721332256
2016-03-31,2000.6527089492604
2016-04-01,1523.349124107313
2016-04-02,1455.5095491507466
2016-04-03,1261.086800838371
2016-04-04,956.6651605583404
2016-04-05,825.8334548818032
2016-04-06,712.2087134376624
2016-04-07,639.9120013400477
2016-04-08,728.7076093380566
2016-04-09,3987.653061308308
2016-04-10,8889.858950201333
2016-04-11,9844.10125228256
2016-04-12,7799.644369093489
2016-04-13,5479.572183712759
2016-04-14,3644.4555859303673
2016-04-15,2561.0499959241747
2016-04-16,2054.559072671804
2016-04-17,1728.5111746494306
2016-04-18,1503.8469147801052
2016-04-19,1343.4293357639078
2016-04-20,1122.9514113708892
2016-04-21,926.6041084162292
2016-04-22,795.4491782999866
2016-04-23,702.2010253833014
2016-04-24,633.4207910474256
2016-04-25,579.4382703202042
2016-04-26,543.0142280185199
2016-04-27,641.0619212219337
2016-04-28,669.4644789230256
2016-04-29,591.9454020070887
2016-04-30,591.3561516181804
2016-05-01,1433.5269623545105
2016-05-02,1754.2623735004663
2016-05-03,1136.6988394416076
2016-05-04,893.7867760302787
2016-05-05,709.7851356673133
2016-05-06,1341.561725168282
2016-05-07,2199.727784649096
2016-05-08,2808.0536731916286
2016-05-09,18265.44283815814
2016-05-10,30069.61319938171
2016-05-11,33219.216187845515
2016-05-12,75468.71006031104
2016-05-13,88815.49816816558
2016-05-14,56727.726791362176
2016-05-15,37181.49231520227
2016-05-16,22844.57891092164
2016-05-17,51443.83304375261
2016-05-18,94802.92772184462
2016-05-19,90470.73328119186
2016-05-20,63032.691273234326
2016-05-21,39749.29351411288
2016-05-22,21435.082522190267
2016-05-23,10370.662521303784
2016-05-24,6558.373147215594
2016-05-25,5451.811355446787
2016-05-26,4988.691944222212
2016-05-27,5039.295739179198
2016-05-28,11734.357473819964
2016-05-29,20514.90545772889
2016-05-30,22292.64251841479
2016-05-31,18785.72071390973
2016-06-01,12645.373091361476
2016-06-02,8678.55756320636
2016-06-03,6367.110780035739
2016-06-04,4723.289235682961
2016-06-05,4233.173404266872
2016-06-06,4449.546077591485
2016-06-07,4507.216096606695
2016-06-08,9416.711851031796
2016-06-09,69749.8638612893
2016-06-10,98468.65662497064
2016-06-11,67631.17785051299
2016-06-12,51006.52869923461
2016-06-13,28578.99470102175
2016-06-14,16679.374153869736
2016-06-15,10667.716162214005
2016-06-16,7923.899704074587
2016-06-17,8527.59134786978
2016-06-18,11657.523990992731
2016-06-19,13516.27103474834
2016-06-20,10341.54257137116
2016-06-21,8139.535052916422
2016-06-22,6067.326662914328
2016-06-23,7261.311915446113
2016-06-24,10348.418623109492
2016-06-25,12620.55794009479
2016-06-26,12970.486238484576
2016-06-27,11007.791195506948
2016-06-28,13883.089610180765
2016-06-29,19979.03575152692
2016-06-30,21570.510560478942
2016-07-01,17672.482339709695
2016-07-02,12175.192129038049
2016-07-03,8114.862243417011
2016-07-04,7669.173288657563
2016-07-05,66391.43610535945
2016-07-06,130602.79892738718
2016-07-07,116029.45171292358
2016-07-08,79043.84863077653
2016-07-09,49311.591046998205
2016-07-10,32301.00120360267
2016-07-11,27325.358608487284
2016-07-12,58104.266118883024
2016-07-13,101093.34217408024
2016-07-14,95154.58381637537
2016-07-15,66239.53776919233
2016-07-16,42116.17042742298
2016-07-17,30115.27217150083
2016-07-18,63804.62379089822
2016-07-19,145106.42901341544
2016-07-20,169471.74359683637
2016-07-21,121580.73415233436
2016-07-22,75081.71464946104
2016-07-23,39444.7408499242
2016-07-24,20491.29076770244
2016-07-25,18677.452698321664
2016-07-26,55056.25693675438
2016-07-27,98485.69873649382
2016-07-28,129988.47652124132
2016-07-29,205609.6728298315
2016-07-30,239363.03420614943
2016-07-31,185843.6893815797
2016-08-01,121742.83813387922
2016-08-02,68997.36718469684
2016-08-03,36006.19459413477
2016-08-04,20667.023129396825
2016-08-05,15284.65415194767
2016-08-06,12670.310718201748
2016-08-07,10899.91049729907
2016-08-08,8484.586298611926
2016-08-09,4215.159072539401
2016-08-10,1856.786235756362
2016-08-11,1122.7802831953113
2016-08-12,863.958537573863
2016-08-13,825.7336370446868
2016-08-14,797.9249611000714
2016-08-15,1181.4387187451644
2016-08-16,1307.7989209888503
2016-08-17,929.3030800736746
2016-08-18,1141.5695432722562
2016-08-19,1776.6108407816555
2016-08-20,1733.724208228493
2016-08-21,1175.132856125399
2016-08-22,893.0026632360787
2016-08-23,693.9467637956467
2016-08-24,1745.3097466995714
2016-08-25,2264.411947468141
2016-08-26,3861.5973647545584
2016-08-27,8221.3155849653
2016-08-28,10893.776418537129
2016-08-29,10337.978546859586
2016-08-30,11300.629851540809
2016-08-31,17795.611882937297
2016-09-01,22565.38617698424
2016-09-02,20846.90165379648
2016-09-03,22253.86412419881
2016-09-04,24203.32737692857
2016-09-05,21026.00786768255
2016-09-06,16084.674213580607
2016-09-07,10511.964469507133
2016-09-08,6784.777000613295
2016-09-09,4484.439921429046
2016-09-10,3266.748085491985
2016-09-11,2448.5465910194007
2016-09-12,1994.560774898282
2016-09-13,1746.2930596775568
2016-09-14,1308.625763225564
2016-09-15,1028.0065582889197
2016-09-16,852.4255686722898
2016-09-17,778.2043019323996
2016-09-18,685.2364287142493
2016-09-19,626.6918837042582
2016-09-20,577.3425141050842
2016-09-21,524.0679858660096
2016-09-22,491.5406656562487
2016-09-23,463.68452369879424
2016-09-24,444.7193572841702
2016-09-25,429.4560187507133
2016-09-26,431.5278963881664
2016-09-27,424.651739447088
2016-09-28,405.2779312995072
2016-09-29,488.8225911366748
2016-09-30,2027.5302793922065
2016-10-01,4132.836085752743
2016-10-02,4528.163016154106
2016-10-03,3834.102210130904
2016-10-04,2900.821409187538
2016-10-05,2103.9560183797257
2016-10-06,1597.0521205090397
2016-10-07,1282.1713843005532
2016-10-08,1086.4846787718873
2016-10-09,965.3612785890392
2016-10-10,879.1126144884547
2016-10-11,757.5568383429361
2016-10-12,651.1789809910513
2016-10-13,1360.550770160573
2016-10-14,18972.77042046003
2016-10-15,36087.45417684523
2016-10-16,35086.36266809059
2016-10-17,32981.84428718758
2016-10-18,27222.67044889483
2016-10-19,18632.2217546004
2016-10-20,11895.532759740108
2016-10-21,7719.259706276475
2016-10-22,6560.815465754882
2016-10-23,6017.990952546631
2016-10-24,5133.285515211966
2016-10-25,3923.7576817962354
2016-10-26,2755.5438979941755
2016-10-27,2126.5850565019527
2016-10-28,1572.1044284568354
2016-10-29,1269.6594035008725
2016-10-30,1588.912043050322
2016-10-31,13244.075678232302
2016-11-01,30825.58866179252
2016-11-02,38265.863788782
2016-11-03,39441.98306992952
2016-11-04,34623.96673373101
2016-11-05,24986.42207762504
2016-11-06,16143.13927179656
2016-11-07,9897.104208185594
2016-11-08,6365.432600447601
2016-11-09,4600.654610229602
2016-11-10,3831.3171997500126
2016-11-11,2984.1996040221948
2016-11-12,2218.303262951787
2016-11-13,1668.564937557691
2016-11-14,1301.5405977791904
2016-11-15,1690.6376439654423
2016-11-16,1822.2202134740303
2016-11-17,1387.1094147971107
2016-11-18,1156.391135458569
2016-11-19,1121.1836210589513
2016-11-20,1112.6110183964497
2016-11-21,955.9095552628128
2016-11-22,863.4738807376012
2016-11-23,767.8306599958196
2016-11-24,803.7700087626259
2016-11-25,763.7487370255728
2016-11-26,600.9504173308858
2016-11-27,530.1885742101936
2016-11-28,469.2538838851776
2016-11-29,438.237590773297
2016-11-30,434.3314982968915
2016-12-01,1412.0528767201413
2016-12-02,13221.86444182201
2016-12-03,23242.7946599058
2016-12-04,22552.39706256821
2016-12-05,18900.77724276185
2016-12-06,12124.368411402098
2016-12-07,7478.999378487847
2016-12-08,4508.542238434514
2016-12-09,3129.8294220992
2016-12-10,2501.502890726108
2016-12-11,2209.4786703441946
2016-12-12,2012.7514142018365
2016-12-13,1430.8231807294735
2016-12-14,1171.6639177737743
2016-12-15,914.8713570458812
2016-12-16,758.2363918365342
2016-12-17,665.8340372241581
2016-12-18,594.6350399786852
2016-12-19,547.8564953011823
2016-12-20,515.286413843426
2016-12-21,490.7566629579571
2016-12-22,470.1235632137338
2016-12-23,452.5079572483804
2016-12-24,436.0232783986848
2016-12-25,419.9663098920212
2016-12-26,408.205121973696
2016-12-27,397.7507283634944
2016-12-28,388.33699546289375
2016-12-29,379.94029669149984
2016-12-30,372.4036891189603
2016-12-31,365.5607444413978
2017-01-01,359.2169305412199
2017-01-02,353.37669284625696
2017-01-03,348.1162299529891
2017-01-04,343.2644479378829
2017-01-05,338.6740605044112
2017-01-06,334.4447778403536
2017-01-07,330.4958849707392
2017-01-08,326.8226061800294
2017-01-09,323.40590955678243
2017-01-10,320.1317944652276
2017-01-11,317.1618033978212
2017-01-12,314.3296572917904
2017-01-13,311.6067703580448
2017-01-14,309.14998032419714
2017-01-15,306.812042485488
2017-01-16,304.5738123879956
2017-01-17,302.4877176998438
2017-01-18,300.4728746323421
2017-01-19,298.51029531238754
2017-01-20,296.69028039809854
2017-01-21,304.8494264669001
2017-01-22,571.5784358613878
2017-01-23,1641.1839719561167
2017-01-24,1896.926504036507
2017-01-25,1318.6525541420535
2017-01-26,1553.101095463151
2017-01-27,1520.6357152073692
2017-01-28,1259.010367677187
2017-01-29,1199.439271358974
2017-01-30,1049.2670798942631
2017-01-31,918.5256430703628
2017-02-01,831.6403702173504
2017-02-02,760.0089236119488
2017-02-03,671.636284493495
2017-02-04,636.0533381778566
2017-02-05,603.6638629294628
2017-02-06,556.3625266421367
2017-02-07,528.9720830067599
2017-02-08,502.83145293423263
2017-02-09,479.7367874406144
2017-02-10,461.12325020819134
2017-02-11,444.8192142665002
2017-02-12,430.4254058204861
2017-02-13,417.6473281209158
2017-02-14,406.29959679629087
2017-02-15,396.0590583576096
2017-02-16,386.8782492385959
2017-02-17,378.585999671904
2017-02-18,371.0112940244189
2017-02-19,364.16371797927934
2017-02-20,359.06483183051233
2017-02-21,379.8214836415661
2017-02-22,384.88234755923423
2017-02-23,362.6905712111078
2017-02-24,351.24779776490493
2017-02-25,338.968630650911
2017-02-26,331.588824107351
2017-02-27,326.77506676992385
2017-02-28,323.36792157773664
2017-03-01,320.20310480368033
2017-03-02,317.1713548288896
2017-03-03,315.3846060027763
2017-03-04,658.083537781465
2017-03-05,8268.296466336476
2017-03-06,26839.497078417146
2017-03-07,287927.7990047788
2017-03-08,470966.4721122846
2017-03-09,387732.0918834226
2017-03-10,754454.4581777079
2017-03-11,1068509.9277441634
2017-03-12,909566.8117538004
2017-03-13,679627.2333842709
2017-03-14,408766.98294898425
2017-03-15,212260.42284812828
2017-03-16,113105.58936014902
2017-03-17,74061.93179258419
2017-03-18,50912.74656407137
2017-03-19,43920.24272124967
2017-03-20,41596.18063594602
2017-03-21,21603.89682444361
2017-03-22,11039.261888654868
2017-03-23,5265.176930635574
2017-03-24,2534.115107108523
2017-03-25,1872.980789887388
2017-03-26,1428.142873997137
2017-03-27,1159.9835891783905
2017-03-28,985.8612381367392
2017-03-29,897.607522164119
2017-03-30,812.6942724128015
2017-03-31,749.5925546794176
2017-04-01,652.7043327889585
2017-04-02,592.2495235846569
2017-04-03,557.6788014306336
2017-04-04,527.8838828870535
2017-04-05,502.35146171760965
2017-04-06,497.5092311335719
2017-04-07,872.1843626135404
2017-04-08,1009.778004403586
2017-04-09,738.6867874471651
2017-04-10,623.3371270349904
2017-04-11,492.2486948430288
2017-04-12,430.7104979331926
2017-04-13,416.69689956530976
2017-04-14,690.3970370717673
2017-04-15,793.1682946038269
2017-04-16,602.4235298469955
2017-04-17,522.6187543741469
2017-04-18,413.9977811133312
2017-04-19,372.0472866678009
2017-04-20,356.1518949056467
2017-04-21,380.5770889370937
2017-04-22,442.7140876669152
2017-04-23,443.4553633692557
2017-04-24,396.4059827749671
2017-04-25,359.2074158087847
2017-04-26,361.1414484848621
2017-04-27,428.001867195359
2017-04-28,1989.633271368945
2017-04-29,8839.464533182547
2017-04-30,145638.3602956447
2017-05-01,211418.44193569536
2017-05-02,173044.84319121286
2017-05-03,195971.9882296024
2017-05-04,151063.67589812685
2017-05-05,96430.88278317232
2017-05-06,96423.38843285324
2017-05-07,173259.7807277675
2017-05-08,317940.3282133941
2017-05-09,424295.0629794673
2017-05-10,412407.6537803542
2017-05-11,525463.8526513082
2017-05-12,620759.6816797992
2017-05-13,776993.3693486883
2017-05-14,848516.4326558654
2017-05-15,618047.7138128718
2017-05-16,412482.6902534173
2017-05-17,219345.1735999362
2017-05-18,116850.2281547977
2017-05-19,64628.57808979423
2017-05-20,46841.12318770636
2017-05-21,42925.23413336156
2017-05-22,35364.30711023516
2017-05-23,69824.37334197233
2017-05-24,111864.64365515216
2017-05-25,103203.95032626136
2017-05-26,83891.31488655625
2017-05-27,142564.33080358402
2017-05-28,158218.67566390143
2017-05-29,100999.8448203146
2017-05-30,66656.3796895252
2017-05-31,41095.28147372605
2017-06-01,29413.367008055924
2017-06-02,23410.664021272554
2017-06-03,17893.69996665697
2017-06-04,12674.455706550738
2017-06-05,10886.962216229484
2017-06-06,31575.77552637915
2017-06-07,63088.670145810815
2017-06-08,101554.58577134124
2017-06-09,158799.12890099455
2017-06-10,158138.09500591466
2017-06-11,111216.18124403668
2017-06-12,127256.3315008416
2017-06-13,126803.11438408852
2017-06-14,126457.58989727843
2017-06-15,184868.4899821967
2017-06-16,176767.36298535063
2017-06-17,118821.69147999934
2017-06-18,75622.83429094157
2017-06-19,41869.10397102611
2017-06-20,22016.82598538162
2017-06-21,14435.221973391634
2017-06-22,11921.450362429272
2017-06-23,8689.463100460509
2017-06-24,9002.680825849458
2017-06-25,19142.494702034888
2017-06-26,37124.712923095736
2017-06-27,99490.29692202844
2017-06-28,256378.6931094908
2017-06-29,393648.4327583957
2017-06-30,426342.9348173178
2017-07-01,346820.7168048721
2017-07-02,212129.9667896664
2017-07-03,120893.2415209784
2017-07-04,68430.15726122266
2017-07-05,46464.888794890925
2017-07-06,35576.98180903515
2017-07-07,31045.19279661
2017-07-08,57583.721199406784
2017-07-09,88619.1795610959
2017-07-10,75202.16103324917
2017-07-11,50048.795892238
2017-07-12,38114.08460084568
2017-07-13,28183.86809622896
2017-07-14,56563.14956656269
2017-07-15,130035.58924857056
2017-07-16,148777.4310208907
2017-07-17,104069.26374069323
2017-07-18,64649.08724357296
2017-07-19,35900.09982270362
2017-07-20,50769.94777646194
2017-07-21,85003.90467356982
2017-07-22,76800.82911692934
2017-07-23,50930.945905844266
2017-07-24,32279.05713324581
2017-07-25,16861.75738448599
2017-07-26,7711.324360708933
2017-07-27,4928.645517413855
2017-07-28,7081.870887691816
2017-07-29,9753.177377973116
2017-07-30,9511.329247098309
2017-07-31,6986.0477947133295
2017-08-01,6730.732831074581
2017-08-02,10405.713557622406
2017-08-03,11029.340951277456
2017-08-04,8956.767409869935
2017-08-05,10823.30452153509
2017-08-06,97724.6062612558
2017-08-07,162101.21813773748
2017-08-08,130367.86063545948
2017-08-09,98804.60545961506
2017-08-10,62184.8583966697
2017-08-11,41216.101204947816
2017-08-12,28858.012455873628
2017-08-13,23763.64535239812
2017-08-14,21709.47810859188
2017-08-15,17952.41587226722
2017-08-16,16514.893813463248
2017-08-17,14644.774597092966
2017-08-18,18738.701323438905
2017-08-19,60554.57957785536
2017-08-20,159412.69531528588
2017-08-21,242671.2645922577
2017-08-22,343161.231807286
2017-08-23,428963.4766013662
2017-08-24,387074.567356356
2017-08-25,265645.69019306137
2017-08-26,149081.08774910172
2017-08-27,80724.179982138
2017-08-28,47195.3271460469
2017-08-29,71318.57778616105
2017-08-30,166269.64761668356
2017-08-31,286594.5865735334
2017-09-01,337972.0768058917
2017-09-02,839350.8828287526
2017-09-03,1235715.3912544756
2017-09-04,1013974.8430288644
2017-09-05,807313.3474776649
2017-09-06,628973.755816963
2017-09-07,465294.0939679267
2017-09-08,307912.5464337936
2017-09-09,355570.80139973137
2017-09-10,456688.4454090557
2017-09-11,422189.73820725287
2017-09-12,322524.6334599761
2017-09-13,183676.2250148188
2017-09-14,139301.59840492156
2017-09-15,194935.5647442552
2017-09-16,230975.12451287307
2017-09-17,199722.3202056276
2017-09-18,441827.3361339568
2017-09-19,622788.1032417824
2017-09-20,491039.50911428384
2017-09-21,344939.4934627079
2017-09-22,183348.4333078184
2017-09-23,92608.95764455645
2017-09-24,46789.76393914152
2017-09-25,31939.58058127144
2017-09-26,25315.96846863206
2017-09-27,23430.498874355457
2017-09-28,24628.44525508134
2017-09-29,14099.665275881314
2017-09-30,10180.51774984924
2017-10-01,7211.296081532701
2017-10-02,6000.214623691654
2017-10-03,4780.50279709206
2017-10-04,3513.238177613512
2017-10-05,2895.3138005688243
2017-10-06,9693.60458373145
2017-10-07,18844.917249292823
2017-10-08,20110.31995135712
2017-10-09,16146.649642905642
2017-10-10,10796.881798851526
2017-10-11,7865.567617241454
2017-10-12,23912.04616197793
2017-10-13,76576.66578851703
2017-10-14,140023.24987987912
2017-10-15,185641.18314020868
2017-10-16,182714.9317063795
2017-10-17,138835.94045134014
2017-10-18,149456.8695254347
2017-10-19,142191.72223577934
2017-10-20,85362.18707340358
2017-10-21,56064.80291664616
2017-10-22,69084.18220657861
2017-10-23,112914.05870149098
2017-10-24,106569.5318691895
2017-10-25,70620.96832012093
2017-10-26,43376.7572411825
2017-10-27,27938.93896825949
2017-10-28,98120.89254287387
2017-10-29,345309.525786426
2017-10-30,501072.6488944064
2017-10-31,434286.5400240243
2017-11-01,310415.8850146438
2017-11-02,224816.556508002
2017-11-03,175261.11894272873
2017-11-04,105666.11206145644
2017-11-05,68613.11560836069
2017-11-06,46549.10946802682
2017-11-07,36670.56488433415
2017-11-08,33118.05395744281
2017-11-09,29595.85634665513
2017-11-10,30084.856099222765
2017-11-11,26547.354913519623
2017-11-12,19630.65557276738
2017-11-13,11144.020683024375
2017-11-14,6263.469581391548
2017-11-15,3876.4469531052487
2017-11-16,2857.7874903378392
2017-11-17,2381.880917278555
2017-11-18,2101.095469977771
2017-11-19,2305.8204764910165
2017-11-20,9592.49145610065
2017-11-21,43257.98627235211
2017-11-22,347235.3232890969
2017-11-23,565394.3735603357
2017-11-24,466371.6759496121
2017-11-25,334398.0066549824
2017-11-26,177126.92396558286
2017-11-27,86415.15797269151
2017-11-28,40425.40932436056
2017-11-29,26664.408630949863
2017-11-30,34671.3219167003
2017-12-01,297251.2997513879
2017-12-02,502514.7388321485
2017-12-03,450618.55989720713
2017-12-04,366128.07840625534
2017-12-05,209453.95012761123
2017-12-06,110466.47513155168
2017-12-07,53045.3526112722
2017-12-08,30598.70474133436
2017-12-09,23446.3415277344
2017-12-10,22081.559292564347
2017-12-11,21747.80151314709
2017-12-12,10309.41507054282
2017-12-13,5823.768302311274
2017-12-14,2630.143247586431
2017-12-15,2239.7060382477034
2017-12-16,1656.7084530739182
2017-12-17,1250.152381759484
2017-12-18,904.2364648756368
2017-12-19,697.0878096413644
2017-12-20,599.4107726384333
2017-12-21,559.1376944494647
2017-12-22,532.7878723784755
2017-12-23,510.87178350652033
2017-12-24,492.50057469222816
2017-12-25,442.80905883780673
2017-12-26,421.0307390833891
2017-12-27,409.3028001272045
2017-12-28,398.92445587236097
2017-12-29,389.7294272560685
2017-12-30,381.5227417771613
2017-12-31,373.9908365228938
2018-01-01,367.07198928450623
2018-01-02,360.7945632127095
2018-01-03,355.0731752663222
2018-01-04,352.35499065084
2018-01-05,406.65126023054495
2018-01-06,425.2933074082119
2018-01-07,382.4351456550884
2018-01-08,363.05178607643904
2018-01-09,341.35422044220576
2018-01-10,330.10153123917604
2018-01-11,324.20905181584413
2018-01-12,321.20103607075873
2018-01-13,318.3498213546528
2018-01-14,315.61268067157533
2018-01-15,313.04659476680064
2018-01-16,308.08551443420447
2018-01-17,305.7998183238643
2018-01-18,303.58539585335234
2018-01-19,301.51829393143777
2018-01-20,299.6222296617994
2018-01-21,297.8260003553126
2018-01-22,296.096271419687
2018-01-23,294.4995897107204
2018-01-24,292.8554248628794
2018-01-25,291.22071847624227
2018-01-26,289.79035497525314
2018-01-27,288.4408140985891
2018-01-28,287.0674851675427
2018-01-29,285.793920248953
2018-01-30,284.5441825299504
2018-01-31,283.32291561097827
2018-02-01,282.22993977574174
2018-02-02,281.1892790661494
2018-02-03,280.19138449770435
2018-02-04,279.217221712393
2018-02-05,278.2525540869101
2018-02-06,515.2768257137242
2018-02-07,6149.825240430421
2018-02-08,12108.502417692129
2018-02-09,13453.680805445598
2018-02-10,40640.4545102408
2018-02-11,95466.54691334072
2018-02-12,137381.61567843356
2018-02-13,164376.72083557094
2018-02-14,143642.92982673843
2018-02-15,88119.08312032401
2018-02-16,50794.51212926584
2018-02-17,25781.45834247112
2018-02-18,14218.407154928062
2018-02-19,10168.70225773933
2018-02-20,9212.290038843976
2018-02-21,7675.949593509463
2018-02-22,5488.943057502339
2018-02-23,3511.0901331850864
2018-02-24,1299.1741132966042
2018-02-25,839.6093928977655
2018-02-26,714.0000544861392
2018-02-27,638.923511408138
2018-02-28,586.0909472614272
2018-03-01,545.9794066717545
2018-03-02,514.4785668195207
2018-03-03,488.84632536638014
2018-03-04,467.524154949552
2018-03-05,449.43329678448094
2018-03-06,433.7992653518909
2018-03-07,420.218079645312
2018-03-08,408.3238616263632
2018-03-09,397.8077458074105
2018-03-10,388.4748379776892
2018-03-11,380.1113539163827
2018-03-12,372.4987312405469
2018-03-13,417.4287339324902
2018-03-14,1608.086433268889
2018-03-15,5458.634903673147
2018-03-16,81361.33089571318
2018-03-17,146767.33871384384
2018-03-18,157516.74481141294
2018-03-19,987639.734663418
2018-03-20,1404509.991234663
2018-03-21,913303.349202728
2018-03-22,624923.3692059546
2018-03-23,300186.19224551093
2018-03-24,141778.21671056602
2018-03-25,73517.3404603545
2018-03-26,60113.2432767802
2018-03-27,52262.17367497848
2018-03-28,48927.629145210834
2018-03-29,47468.35323730139
2018-03-30,9257.39148531975
2018-03-31,3947.275242772143
2018-04-01,1699.5479817074229
2018-04-02,6077.47681995791
2018-04-03,12232.709922120615
2018-04-04,12989.59658714074
2018-04-05,10235.636969163916
2018-04-06,7078.558860465063
2018-04-07,4508.232795555059
2018-04-08,2922.7371971306948
2018-04-09,2149.8462555021965
2018-04-10,1756.595611467484
2018-04-11,1582.957770467544
2018-04-12,1563.0422855932225
2018-04-13,1359.3103612342588
2018-04-14,2409.888793406956
2018-04-15,2849.61384830872
2018-04-16,2991.774446677909
2018-04-17,3718.362890965697
2018-04-18,11545.333821159566
2018-04-19,19800.15117292271
2018-04-20,18923.631292440245
2018-04-21,15383.347714192088
2018-04-22,11460.750516591084
2018-04-23,11382.470447020189
2018-04-24,12954.913050940111
2018-04-25,14037.500848592666
2018-04-26,13602.873767266974
2018-04-27,20545.615510528743
2018-04-28,29549.639799961136
2018-04-29,28198.791473299163
2018-04-30,22011.494554670466
2018-05-01,17788.29486041628
2018-05-02,18819.99943971476
2018-05-03,18865.03323837572
2018-05-04,35864.35241757743
2018-05-05,62887.91858844629
2018-05-06,74366.15319043923
2018-05-07,128982.440972553
2018-05-08,188439.61078624343
2018-05-09,263065.0740759161
2018-05-10,691149.985386217
2018-05-11,1046273.9246492664
2018-05-12,997562.448254701
2018-05-13,1141427.2577762047
2018-05-14,1141370.440951492
2018-05-15,870540.6895273955
2018-05-16,708055.3088686729
2018-05-17,698128.1914413444
2018-05-18,699062.7564008787
2018-05-19,594127.1137620881
2018-05-20,449877.4114167886
2018-05-21,259382.3882020971
2018-05-22,147670.39447113048
2018-05-23,84395.3407723685
2018-05-24,45924.73065761365
2018-05-25,34677.75249595688
2018-05-26,30648.69904538265
2018-05-27,26670.027191771173
2018-05-28,29443.23724932191
2018-05-29,239141.3769051045
2018-05-30,416586.8354696628
2018-05-31,376790.5214641201
2018-06-01,325710.5274826603
2018-06-02,223563.40336948712
2018-06-03,123059.84738436804
2018-06-04,92144.61570397989
2018-06-05,456467.3312477896
2018-06-06,705098.7813066889
2018-06-07,548582.23035545
2018-06-08,433840.2381531504
2018-06-09,360477.6900832175
2018-06-10,548349.7640834892
2018-06-11,661526.0237579199
2018-06-12,600937.0296693147
2018-06-13,541031.5035952351
2018-06-14,582184.6786315872
2018-06-15,635821.9728649071
2018-06-16,542219.663453446
2018-06-17,420387.05972753454
2018-06-18,253142.8302271445
2018-06-19,145745.04518110596
2018-06-20,90146.65620989574
2018-06-21,105203.44064268644
2018-06-22,157744.58069442966
2018-06-23,152656.1563475056
2018-06-24,111990.5077359064
2018-06-25,70341.29708493143
2018-06-26,40661.000851968354
2018-06-27,22923.5239597354
2018-06-28,21998.45641087981
2018-06-29,65235.6395489314
2018-06-30,93914.02075579933
2018-07-01,75974.03287583866
2018-07-02,63437.55427020847
2018-07-03,47937.160912285566
2018-07-04,30976.031040831487
2018-07-05,20153.90713880866
2018-07-06,13266.29276195823
2018-07-07,9176.299272844768
2018-07-08,8164.07371667672
2018-07-09,14162.43398287267
2018-07-10,130137.45829465856
2018-07-11,450683.4063829762
2018-07-12,736978.5541246
2018-07-13,744919.2479063652
2018-07-14,594181.9537537317
2018-07-15,400900.0583141311
2018-07-16,364719.3646525865
2018-07-17,619643.759412187
2018-07-18,719860.5155748469
2018-07-19,612898.8025332063
2018-07-20,524572.4452850192
2018-07-21,460519.7705357105
2018-07-22,426291.0820944584
2018-07-23,319086.2283715978
2018-07-24,198717.38610526567
2018-07-25,118419.21756407982
2018-07-26,70972.54954943886
2018-07-27,43862.28970683704
2018-07-28,24571.740728187586
2018-07-29,23684.28264866697
2018-07-30,29972.751070219816
2018-07-31,37456.78613736261
2018-08-01,168564.69331559894
2018-08-02,327915.97836051905
2018-08-03,336070.91876589507
2018-08-04,251012.24945520944
2018-08-05,144493.29197313846
2018-08-06,73971.7661854445
2018-08-07,41115.225957860726
2018-08-08,174680.68429961015
2018-08-09,867954.9429412573
2018-08-10,1166448.21253418
2018-08-11,897159.9676465517
2018-08-12,786204.1661445923
2018-08-13,618851.5044144612
2018-08-14,522442.1067240668
2018-08-15,1550275.9612427389
2018-08-16,4190836.4414028777
2018-08-17,5601125.985471791
2018-08-18,4447575.165235112
2018-08-19,2825697.44658164
2018-08-20,1637809.8775534558
2018-08-21,812314.610367605
2018-08-22,427080.5749083535
2018-08-23,290260.7556156064
2018-08-24,242232.261590314
2018-08-25,224040.8954091529
2018-08-26,172096.80249337963
2018-08-27,72757.57794360217
2018-08-28,16891.965791428756
2018-08-29,14449.254062977754
2018-08-30,14279.942763360936
2018-08-31,12067.047812311335
2018-09-01,9659.942419438532
2018-09-02,7332.410307057126
2018-09-03,4791.821927948139
2018-09-04,3252.782224706838
2018-09-05,2323.1747955240635
2018-09-06,1864.7695488847507
2018-09-07,1596.1778856567532
2018-09-08,1411.5251283481757
2018-09-09,1156.1487703418131
2018-09-10,898.6243752467394
2018-09-11,851.5463036606035
2018-09-12,2557.832455446356
2018-09-13,3651.202434012273
2018-09-14,3830.418890594009
2018-09-15,4413.226907752068
2018-09-16,3613.006202455748
2018-09-17,2812.600854100345
2018-09-18,2174.23338571076
2018-09-19,1658.0013557258908
2018-09-20,1974.5357764078133
2018-09-21,2119.0007260261323
2018-09-22,1637.6199547842632
2018-09-23,1587.3484830815694
2018-09-24,9220.340275600798
2018-09-25,21796.79947375586
2018-09-26,26265.147558083067
2018-09-27,24166.27093153787
2018-09-28,20397.219349442537
2018-09-29,45735.3652183446
2018-09-30,139596.95830602298
2018-10-01,889611.7804317896
2018-10-02,1267721.5688463442
2018-10-03,950854.3429347476
2018-10-04,1098142.2542143716
2018-10-05,1256736.468954309
2018-10-06,1097597.7321202306
2018-10-07,818049.3688495465
2018-10-08,609156.2929932856
2018-10-09,460211.0738618031
2018-10-10,432489.79938324064
2018-10-11,376937.1594181309
2018-10-12,238982.6046701856
2018-10-13,153616.97379699448
2018-10-14,101286.05819860716
2018-10-15,112015.65070383518
2018-10-16,121481.82350543868
2018-10-17,255623.28354001185
2018-10-18,411323.7987788795
2018-10-19,387024.5813706646
2018-10-20,339976.42161758424
2018-10-21,390829.47369474446
2018-10-22,460244.2616595567
2018-10-23,470298.6426088716
2018-10-24,487654.0748338054
2018-10-25,424196.09655064833
2018-10-26,284358.861769438
2018-10-27,165068.9642273897
2018-10-28,88174.53010736922
2018-10-29,46524.43771055492
2018-10-30,31043.92595977427
2018-10-31,25739.58373346038
2018-11-01,19867.47904904313
2018-11-02,15273.847774401813
2018-11-03,9724.249900141436
2018-11-04,4924.32202691049
2018-11-05,2232.654124210059
2018-11-06,1558.8843132676263
2018-11-07,2350.7931694802687
2018-11-08,2565.9156475762443
2018-11-09,1805.265023888085
2018-11-10,1503.4902211864512
2018-11-11,1107.9064859792545
2018-11-12,870.3785818759853
2018-11-13,767.0940866117423
2018-11-14,715.4685356346633
2018-11-15,659.5281746043926
2018-11-16,3268.5155161573134
2018-11-17,65691.40452949434
2018-11-18,130461.68485172268
2018-11-19,116083.10682801342
2018-11-20,93005.64516456977
2018-11-21,121226.85681183384
2018-11-22,127456.02858413084
2018-11-23,92227.18420462604
2018-11-24,126289.15833730894
2018-11-25,154514.0657816454
2018-11-26,121300.06446965032
2018-11-27,81731.55943479287
2018-11-28,45474.42080662322
2018-11-29,23290.152362847923
2018-11-30,13525.68213024046
2018-12-01,10229.985868887385
2018-12-02,6945.379469792698
2018-12-03,6038.729350457282
2018-12-04,5516.157907961709
2018-12-05,3142.664255459102
2018-12-06,1914.447065433693
2018-12-07,1420.5588371103918
2018-12-08,1246.469805981567
2018-12-09,921.6763137444068
2018-12-10,746.498974846556
2018-12-11,610.9106026737658
2018-12-12,549.3486739807959
2018-12-13,512.2594028855318
2018-12-14,488.6182139989564
2018-12-15,471.3352787016288
2018-12-16,473.42614910531904
2018-12-17,513.1290088168214
2018-12-18,492.7429398089837
2018-12-19,529.5803286084767
2018-12-20,532.0609238227248
2018-12-21,452.1372276506227
2018-12-22,416.0934663777648
2018-12-23,382.3923452618707
2018-12-24,368.99173151260993
2018-12-25,437.4915760540512
2018-12-26,462.92421608500325
2018-12-27,406.290118762489
2018-12-28,379.8453646658131
2018-12-29,352.25528290962336
2018-12-30,334.7965122253027
2018-12-31,327.99162892405246
2019-01-01,324.8172974175609
2019-01-02,321.78077417381184
2019-01-03,318.9390741901325
2019-01-04,316.2970123272749
2019-01-05,310.3902791546112
2019-01-06,307.92875010385825
2019-01-07,305.6192488131264
2019-01-08,303.48561226828895
2019-01-09,301.44702029161823
2019-01-10,299.47970195476705
2019-01-11,297.65016986147134
2019-01-12,295.8824700728352
2019-01-13,294.1669777605149
2019-01-14,292.58454980088
2019-01-15,291.05914173173284
2019-01-16,289.58604878822973
2019-01-17,288.2459883919392
2019-01-18,286.9629454395475
2019-01-19,285.72268575434686
2019-01-20,285.61818027841343
2019-01-21,309.9910763102429
2019-01-22,318.91056424488863
2019-01-23,301.1904014255223
2019-01-24,293.4113920375939
2019-01-25,284.50141883537475
2019-01-26,280.2293724767501
2019-01-27,278.2573126764221
2019-01-28,277.3591992464601
2019-01-29,276.4563272270035
2019-01-30,275.6342093277398
2019-01-31,274.8501307856016
2019-02-01,272.9873521767456
2019-02-02,272.2555373821632
2019-02-03,271.5284958565478
2019-02-04,270.81091768527074
2019-02-05,270.0981494815939
2019-02-06,269.4899038798685
2019-02-07,268.8198455461075
2019-02-08,268.1498434835779
2019-02-09,398.686939868402
2019-02-10,3630.532001971251
2019-02-11,9957.70652143166
2019-02-12,13830.937108415372
2019-02-13,14330.000017798928
2019-02-14,11846.17899364462
2019-02-15,7920.596411122658
2019-02-16,5156.370546090947
2019-02-17,3616.052237985361
2019-02-18,2805.8861050900646
2019-02-19,2173.344716062538
2019-02-20,1877.638076483544
2019-02-21,1520.8780803241334
2019-02-22,1172.6476662422074
2019-02-23,929.003915258231
2019-02-24,746.5987926836726
2019-02-25,664.303943962774
2019-02-26,609.1191882280224
2019-02-27,567.848139626762
2019-02-28,522.656779051826
2019-03-01,496.0931752065831
2019-03-02,473.8491204314544
2019-03-03,454.9361981917795
2019-03-04,438.6986234757446
2019-03-05,424.5709877734666
2019-03-06,412.16352957574566
2019-03-07,401.23873532520287
2019-03-08,392.5188096675235
2019-03-09,480.06464324789664
2019-03-10,2222.441985620713
2019-03-11,5015.118165508867
2019-03-12,5942.387118606308
2019-03-13,5042.73670093906
2019-03-14,3663.785881731243
2019-03-15,2469.1840676873394
2019-03-16,1665.7421593895538
2019-03-17,1243.704192051879
2019-03-18,1040.1907909306465
2019-03-19,930.928325552545
2019-03-20,861.5825726108947
2019-03-21,771.2188833724647
2019-03-22,655.0993272167885
2019-03-23,557.8641833555433
2019-03-24,508.61463404006594
2019-03-25,470.87435364850944
2019-03-26,445.1232991454439
2019-03-27,426.224633101681
2019-03-28,411.6265576138483
2019-03-29,399.2904097545802
2019-03-30,393.8778848492381
2019-03-31,505.5590788848749
2019-04-01,543.4704116081625
2019-04-02,457.2694361587968
2019-04-03,419.12043819044544
2019-04-04,5559.105218035847
2019-04-05,126407.7614710545
2019-04-06,211631.79286798587
2019-04-07,154185.63013595203
2019-04-08,101573.16751287744
2019-04-09,53182.61675560274
2019-04-10,24409.739478351363
2019-04-11,12269.264721654225
2019-04-12,9351.708490836443
2019-04-13,8668.601052620003
2019-04-14,8358.43462289815
2019-04-15,8172.413285461735
2019-04-16,3213.321358232597
2019-04-17,12218.289340798025
2019-04-18,111214.5853427853
2019-04-19,904489.7637386692
2019-04-20,1529701.0728713037
2019-04-21,1877665.2261327696
2019-04-22,1843075.6873659545
2019-04-23,1276567.26072175
2019-04-24,996119.2010867092
2019-04-25,643169.836917689
2019-04-26,404760.2750518197
2019-04-27,252478.621655591
2019-04-28,175876.08528756755
2019-04-29,128388.43639797544
2019-04-30,78600.92572543722
2019-05-01,59420.63143067897
2019-05-02,26975.552859068328
2019-05-03,20667.69043288648
2019-05-04,12145.274204013986
2019-05-05,6206.3747033638665
2019-05-06,3309.782004341692
2019-05-07,2417.3401304807767
2019-05-08,1666.4457774005657
2019-05-09,1343.785738215067
2019-05-10,1160.5679929010737
2019-05-11,1031.4422476784036
2019-05-12,851.6604853429603
2019-05-13,791.2864645109136
2019-05-14,719.194129551026
2019-05-15,641.2377884144083
2019-05-16,616.6129587087197
2019-05-17,585.6443151028532
2019-05-18,600.3231422642986
2019-05-19,791.348296815573
2019-05-20,1024.2335693104128
2019-05-21,954.327183574418
2019-05-22,795.6678458856787
2019-05-23,686.2010767671254
2019-05-24,585.8438431277664
2019-05-25,1790.6292148650768
2019-05-26,2620.036248136096
2019-05-27,1965.2693273571688
2019-05-28,1601.067765746805
2019-05-29,4727.437722635032
2019-05-30,8632.172251728807
2019-05-31,8559.89500213994
2019-06-01,6887.647038634428
2019-06-02,4880.983925318832
2019-06-03,3241.8521727653724
2019-06-04,2321.948973081361
2019-06-05,3639.412606480197
2019-06-06,10982.787070742386
2019-06-07,18072.21821949946
2019-06-08,21068.40976266246
2019-06-09,19018.96966986466
2019-06-10,21713.75026993955
2019-06-11,33759.19229989958
2019-06-12,127616.52712277956
2019-06-13,256841.7564696688
2019-06-14,263295.4118271216
2019-06-15,185646.3723270156
2019-06-16,108515.68414672
2019-06-17,54771.03735746273
2019-06-18,25739.59547702316
2019-06-19,16035.762568158329
2019-06-20,13978.789615941776
2019-06-21,13067.31553460218
2019-06-22,15090.65837266592
2019-06-23,28656.262206357027
2019-06-24,39157.18821615871
2019-06-25,37718.77352425408
2019-06-26,36265.713386265226
2019-06-27,28856.675402318724
2019-06-28,19744.463834292423
2019-06-29,12762.35688566162
2019-06-30,8137.349404621309
2019-07-01,5586.211587333963
2019-07-02,4301.735259712979
2019-07-03,3614.660160945636
2019-07-04,2574.497892193108
2019-07-05,2349.7952724652523
2019-07-06,2021.718333897268
2019-07-07,1423.6381240487167
2019-07-08,1315.4068755984758
2019-07-09,3431.8321428887884
2019-07-10,13050.541885817482
2019-07-11,20542.26032570876
2019-07-12,19462.467716191502
2019-07-13,15266.073413507484
2019-07-14,9763.0358787417
2019-07-15,6457.407597023832
2019-07-16,4421.133970905905
2019-07-17,3115.635173483581
2019-07-18,6913.550622445506
2019-07-19,110311.71625921552
2019-07-20,197932.5601342909
2019-07-21,166206.98616756572
2019-07-22,161993.57199273055
2019-07-23,197160.968179948
2019-07-24,277270.75064606976
2019-07-25,285795.59370665805
2019-07-26,227976.11314455865
2019-07-27,228999.2654253254
2019-07-28,197876.39434334007
2019-07-29,131144.03502586536
2019-07-30,78101.445087739
2019-07-31,43980.40279149375
2019-08-01,26368.84370681481
2019-08-02,17812.13585868397
2019-08-03,13603.059242161748
2019-08-04,8491.642002395154
2019-08-05,11784.083412992808
2019-08-06,130699.21749239627
2019-08-07,478146.3444993863
2019-08-08,941677.8177695792
2019-08-09,2835764.7625760506
2019-08-10,3739421.447756852
2019-08-11,3029875.090526489
2019-08-12,2436521.8335137605
2019-08-13,1421233.585529553
2019-08-14,872253.324239438
2019-08-15,520188.3873565745
2019-08-16,365554.290375017
2019-08-17,301445.5621325766
2019-08-18,334547.5951791436
2019-08-19,335910.98856675375
2019-08-20,194465.3896781788
2019-08-21,125640.37860534064
2019-08-22,100352.89439290806
2019-08-23,134819.22752799545
2019-08-24,165974.07315090377
2019-08-25,156310.49913253612
2019-08-26,118315.46318684926
2019-08-27,90325.55935800858
2019-08-28,74000.72165210084
2019-08-29,93361.75304802733
2019-08-30,121763.7717685212
2019-08-31,110168.44601649164
2019-09-01,75413.73428372269
2019-09-02,45981.12031023015
2019-09-03,27900.106920641032
2019-09-04,21055.54429817629
2019-09-05,17981.106497116925
2019-09-06,17235.473003275223
2019-09-07,16983.700485351434
2019-09-08,13780.83202342477
2019-09-09,9229.455066324335
2019-09-10,5905.939625877672
2019-09-11,4820.215073672981
2019-09-12,13856.93402908486
2019-09-13,28845.87499441728
2019-09-14,31000.235991682574
2019-09-15,24433.533820422723
2019-09-16,21817.46029075484
2019-09-17,23005.1078849706
2019-09-18,20543.78393065169
2019-09-19,15361.6066117454
2019-09-20,11148.72449370178
2019-09-21,7440.864360252359
2019-09-22,5656.673575704902
2019-09-23,11923.635423546237
2019-09-24,59272.25616334823
2019-09-25,121790.90282376696
2019-09-26,120308.78446294735
2019-09-27,80223.84084106848
2019-09-28,48337.54422937128
2019-09-29,24506.809101588267
2019-09-30,12392.893586492102
2019-10-01,9376.229049937456
2019-10-02,9386.194294798635
2019-10-03,12489.178079159376
2019-10-04,68417.2219714694
2019-10-05,147943.91501530985
2019-10-06,158770.60745684625
2019-10-07,204209.37627479088
2019-10-08,230097.4730177872
2019-10-09,379446.00524061336
2019-10-10,591864.0998539644
2019-10-11,610710.3773748144
2019-10-12,586712.8741137992
2019-10-13,525163.4449754686
2019-10-14,556109.1372558103
2019-10-15,594248.5544341923
2019-10-16,558973.9793979038
2019-10-17,529207.5952653217
2019-10-18,591116.6049564893
2019-10-19,699241.4249223934
2019-10-20,1179999.3518460512
2019-10-21,1700946.5813176446
2019-10-22,1482672.5860324686
2019-10-23,1080759.3811977236
2019-10-24,732046.3531701547
2019-10-25,416858.0114604631
2019-10-26,245241.3721779684
2019-10-27,149758.44495179912
2019-10-28,106165.15402815302
2019-10-29,79210.0403508018
2019-10-30,68105.54805973767
2019-10-31,71756.7690143271
2019-11-01,94081.23930359588
2019-11-02,85475.46107621903
2019-11-03,54250.48314099929
2019-11-04,35751.00624078234
2019-11-05,27088.264394157763
2019-11-06,21105.487224137392
2019-11-07,14182.174324740889
2019-11-08,10616.10381540534
2019-11-09,17563.93551236844
2019-11-10,137728.2692598742
2019-11-11,305018.9790478058
2019-11-12,401781.684271248
2019-11-13,460041.92251929775
2019-11-14,430059.3516286693
2019-11-15,309470.5869280366
2019-11-16,182654.49150323137
2019-11-17,98998.07747599646
2019-11-18,52382.42873655618
2019-11-19,33212.255924975696
2019-11-20,27331.60006745146
2019-11-21,21169.82621673377
2019-11-22,15515.951352233014
2019-11-23,10056.2472705653
2019-11-24,4734.165903345256
2019-11-25,1622.6986157115207
2019-11-26,957.0690290223388
2019-11-27,815.2318141202707
2019-11-28,717.4073807249126
2019-11-29,683.359413482088
2019-11-30,702.738034043832
2019-12-01,1472.7833734006051
2019-12-02,3659.642043272776
2019-12-03,15577.751802472514
2019-12-04,25478.077098670525
2019-12-05,23244.287951777293
2019-12-06,17943.539059950424
2019-12-07,11262.824411501802
2019-12-08,6750.642916356598
2019-12-09,4136.732281830926
2019-12-10,2967.0596539415424
2019-12-11,2460.792582568512
2019-12-12,2175.112432977209
2019-12-13,2020.1075256609045
2019-12-14,1516.8625818809098
2019-12-15,3103.607636668077
2019-12-16,4678.401840104756
2019-12-17,4417.175925397037
2019-12-18,3918.312216197274
2019-12-19,3043.224047278936
2019-12-20,2344.4114752503733
2019-12-21,2501.269560812966
2019-12-22,3329.5643539126327
2019-12-23,3099.30719290668
2019-12-24,2407.3753162169
2019-12-25,2064.077800363463
2019-12-26,1589.0975350711317
2019-12-27,1341.761216494562
2019-12-28,1173.9211773361287
2019-12-29,1055.9437088104282
2019-12-30,955.486657333944
2019-12-31,874.5270761677796
2020-01-01,781.1267535896918
2020-01-02,688.6626400699316
2020-01-03,643.3096293532195
2020-01-04,598.978359977138
2020-01-05,564.2556100630935
2020-01-06,566.2229675451581
2020-01-07,552.8841102567101
2020-01-08,509.1467935878
2020-01-09,481.3477057728864
2020-01-10,454.6082689872307
2020-01-11,435.6003413246112
2020-01-12,421.2065353251687
2020-01-13,409.6355050472832
2020-01-14,399.2904464532135
2020-01-15,390.0430635660807
2020-01-16,381.7223431993497
2020-01-17,372.8123699971306
2020-01-18,365.88867364594654
2020-01-19,359.5163498005248
2020-01-20,353.7473857453901
2020-01-21,348.4061711784922
2020-01-22,343.4402784317242
2020-01-23,338.88787897728963
2020-01-24,334.6585596146073
2020-01-25,330.72395963953824
2020-01-26,327.060195581255
2020-01-27,323.6482746735379
2020-01-28,320.47871888258493
2020-01-29,317.4469689077942
2020-01-30,314.6100103875917
2020-01-31,311.9679118261008
2020-02-01,309.4398481524336
2020-02-02,307.092358882656
2020-02-03,304.8256384125264
2020-02-04,302.62071110184286
2020-02-05,300.55836776943164
2020-02-06,298.6670596427251
2020-02-07,296.8708156567833
2020-02-08,295.14110384718435
2020-02-09,293.553953996688
2020-02-10,292.02382648324226
2020-02-11,290.541218807304
2020-02-12,289.08234536107966
2020-02-13,287.6377427902138
2020-02-14,286.3119190172285
2020-02-15,285.0383712246653
2020-02-16,283.8123652887965
2020-02-17,282.71467000926145
2020-02-18,281.6692140115325
2020-02-19,280.557264982657
2020-02-20,279.4263011683747
2020-02-21,278.48542404384574
2020-02-22,277.6205571294528
2020-02-23,276.7223898748397
2020-02-24,275.81477883847776
2020-02-25,274.8833993203488
2020-02-26,274.0518009407117
2020-02-27,273.2629466830435
2020-02-28,272.51217337428574
2020-02-29,271.780358579712
2020-03-01,271.0627975344614
2020-03-02,270.4545323601466
2020-03-03,269.7797545820784
2020-03-04,269.1049743574387
2020-03-05,268.52049968406914
2020-03-06,267.96923482762656
2020-03-07,267.34675260260445
2020-03-08,266.6957261802768
2020-03-09,575.4370623249456
2020-03-10,7909.414386362127
2020-03-11,15918.862764797874
2020-03-12,16995.895147744857
2020-03-13,15653.21681771438
2020-03-14,12955.509183546126
2020-03-15,10002.160506145729
2020-03-16,6897.540549899574
2020-03-17,4838.614961246228
2020-03-18,3474.599776452279
2020-03-19,2960.311631503355
2020-03-20,9178.831429639387
2020-03-21,16799.02716212852
2020-03-22,32389.6526251154
2020-03-23,46814.22088727744
2020-03-24,49063.91343602127
2020-03-25,76736.10985309043
2020-03-26,80404.89061459592
2020-03-27,49956.37160652212
2020-03-28,32142.87315203417
2020-03-29,16867.976628543896
2020-03-30,9400.945017030106
2020-03-31,6175.448838132031
2020-04-01,5269.981075377541
2020-04-02,4188.35309379109
2020-04-03,3472.7655787393537
2020-04-04,2873.6972288191987
2020-04-05,1203.6353050608827
2020-04-06,3016.460957000564
2020-04-07,6985.763135644498
2020-04-08,16710.163524649914
2020-04-09,29408.58615471349
2020-04-10,35739.55700103687
2020-04-11,33021.84530861855
2020-04-12,23661.839232234048
2020-04-13,14722.236874310223
2020-04-14,8637.52817266152
2020-04-15,5426.990968508346
2020-04-16,7683.025139020644
2020-04-17,13335.804524839346
2020-04-18,14843.260674401185
2020-04-19,11934.095341524102
2020-04-20,10083.6756336756
2020-04-21,8042.698759592658
2020-04-22,6954.237027559676
2020-04-23,10672.55296873998
2020-04-24,21461.798075505107
2020-04-25,31355.207685440382
2020-04-26,35776.900307414406
2020-04-27,72286.34840345055
2020-04-28,123911.59062268343
2020-04-29,382424.7819609292
2020-04-30,574365.4230753504
2020-05-01,536434.8798406037
2020-05-02,532089.8717050039
2020-05-03,430900.3252859356
2020-05-04,285439.4677185413
2020-05-05,173240.68569467455
2020-05-06,104921.39892041672
2020-05-07,106426.28046509762
2020-05-08,189204.9869706659
2020-05-09,224712.1956246849
2020-05-10,165830.88707037992
2020-05-11,153867.5819162021
2020-05-12,150356.64002103143
2020-05-13,146834.58259902455
2020-05-14,137242.70401010689
2020-05-15,137269.72301219098
2020-05-16,221214.18901926748
2020-05-17,238339.00482803697
2020-05-18,173484.44340225589
2020-05-19,179166.67659771093
2020-05-20,171836.52526281908
2020-05-21,109275.27393523631
2020-05-22,67479.71818534753
2020-05-23,38103.42854090351
2020-05-24,20902.05236053888
2020-05-25,14585.713381805246
2020-05-26,11901.241036487963
2020-05-27,7534.241073376096
2020-05-28,6137.394923877051
2020-05-29,12777.311750159552
2020-05-30,28959.11156462636
2020-05-31,299479.5943054445
2020-06-01,504504.2989876062
2020-06-02,403221.3105073802
2020-06-03,281130.111082305
2020-06-04,148913.01999492114
2020-06-05,71446.25257750266
2020-06-06,34878.65818758299
2020-06-07,24740.111613082656
2020-06-08,22232.741344798666
2020-06-09,21549.46010185296
2020-06-10,20831.46728495047
2020-06-11,9578.316462034853
2020-06-12,5116.753367902852
2020-06-13,5398.822369490322
2020-06-14,8810.405233858579
2020-06-15,10295.140329590591
2020-06-16,9688.530385976872
2020-06-17,8669.27185471274
2020-06-18,8076.799007709065
2020-06-19,6507.868511966899
2020-06-20,8991.674367352605
2020-06-21,12630.071718364035
2020-06-22,15779.450747299186
2020-06-23,22055.872695541533
2020-06-24,23067.21631014421
2020-06-25,18660.28943237572
2020-06-26,14433.245727500487
2020-06-27,10835.603016596173
2020-06-28,15461.613789350651
2020-06-29,21783.96434680689
2020-06-30,25616.374921183964
2020-07-01,61013.06515046415
2020-07-02,71821.81024751245
2020-07-03,46198.57317113945
2020-07-04,66636.65931171372
2020-07-05,101706.80607685474
2020-07-06,130723.1939330881
2020-07-07,121065.2475278714
2020-07-08,76529.8564365598
2020-07-09,47293.71985289215
2020-07-10,58269.8092517218
2020-07-11,91022.5904535814
2020-07-12,81213.08627551846
2020-07-13,54959.84302023888
2020-07-14,35989.42331852838
2020-07-15,20662.624969406726
2020-07-16,14390.412183190858
2020-07-17,14795.279999918908
2020-07-18,19418.802385115905
2020-07-19,51472.046708692826
2020-07-20,101312.81566176168
2020-07-21,302023.1399093895
2020-07-22,485451.4252849866
2020-07-23,846284.8890494375
2020-07-24,1132750.159424072
2020-07-25,945352.3100617782
2020-07-26,700899.6282209142
2020-07-27,423304.9118227373
2020-07-28,219989.4080837905
2020-07-29,116949.32547541017
2020-07-30,73448.78056216886
2020-07-31,61238.40919625176
2020-08-01,92339.10500648776
2020-08-02,161000.04260443855
2020-08-03,151151.44288256712
2020-08-04,138926.526135507
2020-08-05,171962.31472301812
2020-08-06,187699.4896229113
2020-08-07,293980.2697916432
2020-08-08,446885.7926212492
2020-08-09,640176.8749521556
2020-08-10,832768.8434176974
2020-08-11,791119.0453439254
2020-08-12,622643.219482463
2020-08-13,417857.7189414117
2020-08-14,229409.0002882536
2020-08-15,124197.42135655518
2020-08-16,70288.44933978324
2020-08-17,50356.55895290381
2020-08-18,39079.61733545143
2020-08-19,32007.041477706185
2020-08-20,20666.45381125917
2020-08-21,10550.735866516943
2020-08-22,5567.78368647031
2020-08-23,1836.024952577731
2020-08-24,1383.9257129061457
2020-08-25,3174.425724114797
2020-08-26,4227.395130991647
2020-08-27,3855.8421382213096
2020-08-28,3697.890778341253
2020-08-29,2794.334231498976
2020-08-30,2230.93379991096
2020-08-31,2252.4650497837783
2020-09-01,11610.684277032566
2020-09-02,29638.50578615231
2020-09-03,64364.805681359
2020-09-04,73924.19154464561
2020-09-05,53293.6788094356
2020-09-06,47510.16007616854
2020-09-07,111623.40567576145
2020-09-08,215176.7069330413
2020-09-09,217868.92555256528
2020-09-10,160742.5094530495
2020-09-11,159611.24446531254
2020-09-12,142186.53304897246
2020-09-13,94080.10066732053
2020-09-14,112417.76056930824
2020-09-15,165269.06254907412
2020-09-16,154731.0474320978
2020-09-17,99956.48676114116
2020-09-18,61707.98680857121
2020-09-19,31930.170806930124
2020-09-20,53431.913754956615
2020-09-21,100618.5472393347
2020-09-22,152932.1968645332
2020-09-23,156727.1404336714
2020-09-24,101228.17515625613
2020-09-25,61832.81036073095
2020-09-26,66200.33482071583
2020-09-27,107172.71061287992
2020-09-28,105776.32466424762
2020-09-29,73814.91671427454
2020-09-30,46881.18023571811
2020-10-01,25591.210912705203
2020-10-02,13853.907810817454
2020-10-03,7289.114188702432
2020-10-04,5824.832244634097
2020-10-05,5365.552758249347
2020-10-06,5092.380386240872
2020-10-07,3483.367202374851
2020-10-08,1677.779179132012
2020-10-09,2403.3027978831888
2020-10-10,4701.752569091803
2020-10-11,6554.219987304161
2020-10-12,7314.88477666494
2020-10-13,7270.653626054772
2020-10-14,6217.157177866302
2020-10-15,4740.381942389145
2020-10-16,3664.674551379456
2020-10-17,2818.136745132779
2020-10-18,2366.441601456724
2020-10-19,2524.801703379333
2020-10-20,2367.867353162734
2020-10-21,2187.5910180202163
2020-10-22,2080.738128660405
2020-10-23,1505.3486424441985
2020-10-24,1144.3257525654087
2020-10-25,892.7651814841814
2020-10-26,750.6284372269084
2020-10-27,673.1283163785668
2020-10-28,643.4332181186832
2020-10-29,911.236029535584
2020-10-30,980.5818534279208
2020-10-31,759.1013664002468
2020-11-01,643.1527206749203
2020-11-02,595.8563435962906
2020-11-03,567.9669159780624
2020-11-04,581.2059529828138
2020-11-05,1806.8524991331467
2020-11-06,3216.9757837118887
2020-11-07,2895.509208560464
2020-11-08,2205.011981772078
2020-11-09,1952.500837787292
2020-11-10,1668.2751798253544
2020-11-11,1429.1740199743026
2020-11-12,1287.1134694203408
2020-11-13,1357.162473386661
2020-11-14,5373.440860442429
2020-11-15,10697.485922620888
2020-11-16,12090.759313333534
2020-11-17,16318.40149952734
2020-11-18,24139.91003381924
2020-11-19,27130.69192924977
2020-11-20,25091.10052645248
2020-11-21,19480.514146990605
2020-11-22,12549.486411883649
2020-11-23,7924.796814408557
2020-11-24,5196.981107362104
2020-11-25,3869.960542993924
2020-11-26,3339.700810132954
2020-11-27,3065.0120995110165
2020-11-28,2413.6715540083305
2020-11-29,1693.479527442288
2020-11-30,1207.0376745375313
2020-12-01,867.4656106990665
2020-12-02,752.6052727427665
2020-12-03,2313.604151498583
2020-12-04,30466.08835663465
2020-12-05,75400.41610489105
2020-12-06,80174.64681189266
2020-12-07,56848.8496532984
2020-12-08,39089.393606814745
2020-12-09,28450.657377012874
2020-12-10,21693.297118275863
2020-12-11,15617.10298896346
2020-12-12,11907.712253364938
2020-12-13,8746.648403921647
2020-12-14,6773.899452183792
2020-12-15,4563.251974394231
2020-12-16,2551.203728033486
2020-12-17,1927.7431590275653
2020-12-18,2360.221339623376
2020-12-19,2369.0409730222723
2020-12-20,1602.35089922249
2020-12-21,1267.2122749939842
2020-12-22,914.8049325188668
2020-12-23,1065.9416986391789
2020-12-24,4431.78839164244
2020-12-25,8950.54640427761
2020-12-26,9362.201046132555
2020-12-27,7242.61043850101
2020-12-28,4981.359165754464
2020-12-29,3129.7486361735173
2020-12-30,2058.3702673745847
2020-12-31,1719.0262757583305
2021-01-01,5513.453707972251
2021-01-02,10926.640069491985
2021-01-03,11578.814596338923
2021-01-04,9159.800961675934
2021-01-05,6352.469713321807
2021-01-06,5832.15511447074
2021-01-07,48482.76023365454
2021-01-08,179830.52894785986
2021-01-09,317626.0337745578
2021-01-10,395179.9694993719
2021-01-11,363231.4699268207
2021-01-12,288528.61680303374
2021-01-13,320172.17274861847
2021-01-14,326537.0174124881
2021-01-15,236540.7142816228
2021-01-16,148153.9063100128
2021-01-17,86685.95352098902
2021-01-18,48070.33731813572
2021-01-19,28096.04288328985
2021-01-20,19042.22970429493
2021-01-21,13281.772612644294
2021-01-22,11333.857455079047
2021-01-23,8992.25885425886
2021-01-24,3843.790967485696
2021-01-25,1240.5438231522337
2021-01-26,864.2531811176294
2021-01-27,735.5836561832352
2021-01-28,654.7096048527936
2021-01-29,597.0110049416535
2021-01-30,553.3639913774247
2021-01-31,519.2495237637389
2021-02-01,492.06342056744734
2021-02-02,469.7955606119184
2021-02-03,451.186762396392
2021-02-04,435.3246562950115
2021-02-05,421.53442783108414
2021-02-06,409.48814535348095
2021-02-07,398.8531455339081
2021-02-08,389.3444781610406
2021-02-09,380.7909074099808
2021-02-10,373.0831716618634
2021-02-11,366.1548072444691
2021-02-12,359.8631641219824
2021-02-13,354.0419583384614
2021-02-14,348.7007780236339
2021-02-15,343.8157103477539
2021-02-16,339.1825225210647
2021-02-17,334.82494877328
2021-02-18,330.8190017611248
2021-02-19,327.1029592758307
2021-02-20,323.67204315530495
2021-02-21,320.4977116488221
2021-02-22,317.46118840507296
2021-02-23,314.6195251200269
2021-02-24,311.9773898599027
2021-02-25,309.4445896159104
2021-02-26,307.092358882656
2021-02-27,304.8256384125264
2021-02-28,302.62071110184286
2021-03-01,300.55836776943164
2021-03-02,298.6670596427251
2021-03-03,296.8708156567833
2021-03-04,295.14110384718435
2021-03-05,293.553953996688
2021-03-06,292.02382648324226
2021-03-07,290.541218807304
2021-03-08,289.08234536107966
2021-03-09,321.51941384423907
2021-03-10,1304.325317017587
2021-03-11,6746.171848414194
2021-03-12,18116.25922225549
2021-03-13,23995.47336172148
2021-03-14,21453.186104994933
2021-03-15,16295.797098421206
2021-03-16,10157.1982391666
2021-03-17,6177.339918727214
2021-03-18,3869.903684577424
2021-03-19,2836.0851661141114
2021-03-20,2391.4846634716428
2021-03-21,3515.1391913055527
2021-03-22,31691.205206938856
2021-03-23,252086.24720366905
2021-03-24,464520.05617197545
2021-03-25,511924.7358118412
2021-03-26,537734.3613343165
2021-03-27,493214.7570165976
2021-03-28,363638.5360651054
2021-03-29,291691.55216046755
2021-03-30,333166.73079531104
2021-03-31,304581.20838598214
2021-04-01,211012.55211095
2021-04-02,137987.79049858023
2021-04-03,110289.05583152856
2021-04-04,90907.11379877056
2021-04-05,56642.14362028533
2021-04-06,37390.93288574199
2021-04-07,21742.094410755504
2021-04-08,15154.8153889706
2021-04-09,9525.01835125375
2021-04-10,4585.2392268100975
2021-04-11,2910.00237978054
2021-04-12,7137.64515315248
2021-04-13,106892.65697792718
2021-04-14,194732.83439656088
2021-04-15,210339.92658542583
2021-04-16,261442.4488794912
2021-04-17,300591.4846164995
2021-04-18,301416.9665571882
2021-04-19,263288.97244019294
2021-04-20,192671.09341105795
2021-04-21,151754.09928237103
2021-04-22,152777.45658617144
2021-04-23,163761.0638224458
2021-04-24,217264.5054164251
2021-04-25,256938.9662572208
2021-04-26,308449.88048887794
2021-04-27,302999.3480318845
2021-04-28,196811.598654955
2021-04-29,117034.42324589184
2021-04-30,65012.05483564394
2021-05-01,75352.2114708801
2021-05-02,140755.49404847127
2021-05-03,156117.59643429238
2021-05-04,112180.96508185715
2021-05-05,81322.58056371914
2021-05-06,69168.40728355056
2021-05-07,52503.95773003882
2021-05-08,35313.72734065037
2021-05-09,58591.27313564009
2021-05-10,94705.44514111544
2021-05-11,127762.13041997726
2021-05-12,221861.31682340364
2021-05-13,271942.7965188255
2021-05-14,293861.4224896547
2021-05-15,839642.1452050712
2021-05-16,1929861.1766339
2021-05-17,2050188.823215945
2021-05-18,1421481.4676742482
2021-05-19,1010119.5903930292
2021-05-20,602100.510919642
2021-05-21,442621.34532637405
2021-05-22,392982.5458359939
2021-05-23,463511.0150051861
2021-05-24,554238.1430461493
2021-05-25,485707.6331263837
2021-05-26,334844.68285192014
2021-05-27,173939.70463290674
2021-05-28,129248.0566310308
2021-05-29,101645.7591229626
2021-05-30,65425.042420806814
2021-05-31,46992.28437065096
2021-06-01,29991.59655260359
2021-06-02,20958.91564572207
2021-06-03,23775.626502140607
2021-06-04,299292.52668996097
2021-06-05,485559.3902187917
2021-06-06,420868.11765110935
2021-06-07,432907.54237735993
2021-06-08,337545.26190951886
2021-06-09,200811.1390642981
2021-06-10,112657.06673262035
2021-06-11,60894.52269179299
2021-06-12,36168.97970232132
2021-06-13,30619.766821194346
2021-06-14,36954.86039202893
2021-06-15,59376.64053379084
2021-06-16,100258.30488780318
2021-06-17,133934.51105660494
2021-06-18,135578.8640461054
2021-06-19,93734.7349632656
2021-06-20,54809.0551847279
2021-06-21,29136.72463343546
2021-06-22,14726.25821272936
2021-06-23,9498.882611885812
2021-06-24,10337.342730797653
2021-06-25,11760.45237984147
2021-06-26,9959.221954812165
2021-06-27,7888.121276370034
2021-06-28,5143.160359105442
2021-06-29,3626.155445243541
2021-06-30,6162.709372288272
2021-07-01,10198.76949727108
2021-07-02,11879.779920150744
2021-07-03,10949.170951001912
2021-07-04,8487.109696665962
2021-07-05,11571.643414188282
2021-07-06,15882.051295020092
2021-07-07,17427.84951650882
2021-07-08,18514.76665198037
2021-07-09,17988.915844042058
2021-07-10,26122.355865542813
2021-07-11,145748.46108993186
2021-07-12,293563.180033204
2021-07-13,384731.69966785045
2021-07-14,792055.026870721
2021-07-15,1135136.1822592472
2021-07-16,1072392.8071114572
2021-07-17,978602.6814323844
2021-07-18,842075.281746206
2021-07-19,689386.2833020764
2021-07-20,539287.2884855956
2021-07-21,359832.3348230897
2021-07-22,213647.9331098685
2021-07-23,131245.2882688797
2021-07-24,125331.9901999564
2021-07-25,175963.4977632061
2021-07-26,219309.91355266576
2021-07-27,226923.4688631107
2021-07-28,183904.3407860819
2021-07-29,112005.34695077664
2021-07-30,61259.24031937691
2021-07-31,30811.89493360922
2021-08-01,17378.041910643093
2021-08-02,12838.887042048342
2021-08-03,11577.168515822405
2021-08-04,9514.226555298355
2021-08-05,7188.347545105381
2021-08-06,27206.477788413304
2021-08-07,82468.75938688149
2021-08-08,142978.0041638822
2021-08-09,203694.77628931848
2021-08-10,279955.91383093374
2021-08-11,275871.40727687534
2021-08-12,187018.3338669672
2021-08-13,111912.32570061904
2021-08-14,95616.55526987168
2021-08-15,148236.8948876862
2021-08-16,162201.0807471917
2021-08-17,117979.05733188636
2021-08-18,114053.03260422545
2021-08-19,239926.6134114617
2021-08-20,370349.18461471656
2021-08-21,352420.4096353002
2021-08-22,255001.48635615144
2021-08-23,203328.1596297687
2021-08-24,268224.94356760813
2021-08-25,321766.94857520715
2021-08-26,264295.56703140144
2021-08-27,179649.22717704758
2021-08-28,211829.2594083181
2021-08-29,320849.59527488385
2021-08-30,387320.5093666159
2021-08-31,429565.97519704513
2021-09-01,376841.7405239041
2021-09-02,247190.3876829011
2021-09-03,187724.0539757152
2021-09-04,197157.2723828756
2021-09-05,186589.5597528692
2021-09-06,183190.48238832192
2021-09-07,260915.4369267822
2021-09-08,280373.0035893729
2021-09-09,196165.98283452785
2021-09-10,116859.99977766738
2021-09-11,60658.14728136912
2021-09-12,30058.159311142623
2021-09-13,27898.99641998491
2021-09-14,56286.1617354702
2021-09-15,62286.28877175607
2021-09-16,41890.82173314176
2021-09-17,29041.28347537089
2021-09-18,13574.29627207212
2021-09-19,6442.039163389721
2021-09-20,4717.829164027772
2021-09-21,4275.057897442961
2021-09-22,3593.366463775409
2021-09-23,3243.007421288868
2021-09-24,2737.0109901065907
2021-09-25,3487.786353983434
2021-09-26,4891.580313282585
2021-09-27,6402.232400059872
2021-09-28,23680.598472828617
2021-09-29,35472.15632101531
2021-09-30,31086.841097379525
2021-10-01,28209.097428275723
2021-10-02,53485.62024813367
2021-10-03,90232.72453691022
2021-10-04,105453.41412018843
2021-10-05,205007.8098544885
2021-10-06,309680.0749621425
2021-10-07,347482.9093981471
2021-10-08,322330.5833177851
2021-10-09,222542.8645207558
2021-10-10,195352.318098552
2021-10-11,169500.3959327783
2021-10-12,195238.02680961
2021-10-13,304567.3754476483
2021-10-14,350038.67809369374
2021-10-15,292516.37841890054
2021-10-16,186994.1988881777
2021-10-17,312550.2555321534
2021-10-18,681654.125836516
2021-10-19,793142.8746835433
2021-10-20,656032.0547980648
2021-10-21,520651.2647770083
2021-10-22,455365.7434665054
2021-10-23,643823.2193922974
2021-10-24,880860.3135217273
2021-10-25,864613.2999170994
2021-10-26,704419.2694048776
2021-10-27,505540.32832962734
2021-10-28,287069.6332609061
2021-10-29,156977.86060604063
2021-10-30,128980.19183562156
2021-10-31,170833.42046701902
2021-11-01,179748.86568017857
2021-11-02,182956.43098004223
2021-11-03,254402.66496357045
2021-11-04,351053.8038939525
2021-11-05,435073.1214129783
2021-11-06,473791.5916532484
2021-11-07,428859.0592021533
2021-11-08,344566.2512318278
2021-11-09,245564.1782532503
2021-11-10,149822.3103607603
2021-11-11,113043.19850229035
2021-11-12,90524.70571713454
2021-11-13,62719.43075723846
2021-11-14,47163.87519366793
2021-11-15,68402.16794726317
2021-11-16,104305.08867161146
2021-11-17,100644.17560785868
2021-11-18,153218.0464370369
2021-11-19,272008.8002348444
2021-11-20,300345.8973596988
2021-11-21,221317.67280523884
2021-11-22,130766.6480512938
2021-11-23,71096.53319220172
2021-11-24,69476.80523057959
2021-11-25,101341.16927082516
2021-11-26,145455.18249067708
2021-11-27,247535.1860260788
2021-11-28,279172.04080114776
2021-11-29,204862.25304222683
2021-11-30,133697.1741419778
2021-12-01,76696.05280507867
2021-12-02,44338.71797544028
2021-12-03,36471.89683073424
2021-12-04,80306.45607130825
2021-12-05,103065.00146998587
2021-12-06,74507.16915842294
2021-12-07,51172.23966715823
2021-12-08,26038.242841732463
2021-12-09,12503.50182502048
2021-12-10,7087.801386899676
2021-12-11,5454.714462030965
2021-12-12,4765.762007957448
2021-12-13,4388.553804663599
2021-12-14,3920.6212452989166
2021-12-15,1672.1051862477686
2021-12-16,1038.199664966815
2021-12-17,832.4766904878662
2021-12-18,719.2558884584103
2021-12-19,654.2059161050986
2021-12-20,601.9483143459111
2021-12-21,553.7822603852967
2021-12-22,519.1165303617398
2021-12-23,490.8279365977767
2021-12-24,467.6667731798775
2021-12-25,448.7015725132004
2021-12-26,432.7539023240352
2021-12-27,419.0538693154695
2021-12-28,407.249988653255
2021-12-29,396.9096323774487
2021-12-30,387.6337786902768
2021-12-31,379.308282608016
2022-01-01,371.8191043496822
2022-01-02,365.0047772666832
2022-01-03,358.7986982319811
2022-01-04,353.1295520139629
2022-01-05,347.8596477855264
2022-01-06,343.0364099677258
2022-01-07,338.5505084375808
2022-01-08,334.36876518363744
2022-01-09,330.5671586105587
2022-01-10,326.9604119961917
2022-01-11,323.5959937999555
2022-01-12,320.4501722387078
2022-01-13,317.4279027442906
2022-01-14,314.5957541916883
2022-01-15,311.9583579484608
2022-01-16,309.4303701186317
2022-01-17,306.9735825313642
2022-01-18,304.6688178109488
2022-01-19,302.53518371269155
2022-01-20,300.501347878944
2022-01-21,298.6433082869846
2022-01-22,296.8613180503834
2022-01-23,295.13634525768094
2022-01-24,293.54919785375614
2022-01-25,292.01906789373885
2022-01-26,290.53646021780065
2022-01-27,289.0775867715763
2022-01-28,287.6377427902138
2022-01-29,286.3119190172285
2022-01-30,285.0383712246653
2022-01-31,283.8123652887965
2022-02-01,282.71467000926145
2022-02-02,281.67397260103587
2022-02-03,280.67607558601924
2022-02-04,279.6971737838025
2022-02-05,278.72775246197665
2022-02-06,277.7631044091005
2022-02-07,276.8031782470944
2022-02-08,276.95048166965665
2022-02-09,301.35669761433024
2022-02-10,310.4425208829888
2022-02-11,298.4437435634381
2022-02-12,413.5986174141763
2022-02-13,453.0923952231255
2022-02-14,369.1580105753827
2022-02-15,335.4806995330493
2022-02-16,297.51712018824094
2022-02-17,280.86140613284067
2022-02-18,274.94995106929827
2022-02-19,274.4034619283942
2022-02-20,272.78777032716386
2022-02-21,272.1795051528403
2022-02-22,271.5380472876077
2022-02-23,265.64077502271937
2022-02-24,265.1038397594467
2022-02-25,264.6001143131184
2022-02-26,264.11066463530017
2022-02-27,264.74262489412416
2022-02-28,289.8378748127607
2022-03-01,299.37036693863524
2022-03-02,282.32500146993505
2022-03-03,275.3300853035914
2022-03-04,267.1566854854579
2022-03-05,263.40258162386016
2022-03-06,261.8439245925725
2022-03-07,261.49231742954976
2022-03-08,262.2003270437232
2022-03-09,285.3140024296051
2022-03-10,294.1004235649853
2022-03-11,277.33067217518976
2022-03-12,270.9012012173539
2022-03-13,263.4786309792096
2022-03-14,260.1569764775491
2022-03-15,258.7788914035795
2022-03-16,259.5107061981533
2022-03-17,282.7289237586019
2022-03-18,292.7080847416839
2022-03-19,301.1808842465155
2022-03-20,303.195727314026
2022-03-21,280.1248303021834
2022-03-22,270.54485503743456
2022-03-23,341.0072960248484
2022-03-24,11831.025785264354
2022-03-25,238839.92258423136
2022-03-26,412811.3974690001
2022-03-27,339542.663339713
2022-03-28,314033.74397529825
2022-03-29,292890.33015669906
2022-03-30,280613.7368402214
2022-03-31,229028.25343143693
2022-04-01,137942.30156346396
2022-04-02,84069.72358174426
2022-04-03,47399.56458429896
2022-04-04,32890.633502959776
2022-04-05,18695.571449894924
2022-04-06,17809.202977274974
2022-04-07,117095.16193126074
2022-04-08,164566.7957817584
2022-04-09,143650.13499182387
2022-04-10,721928.6939900179
2022-04-11,1039734.0690943752
2022-04-12,902716.727968688
2022-04-13,1112438.9066974972
2022-04-14,1039273.4694358072
2022-04-15,1225296.3898066275
2022-04-16,1275444.4684699068
2022-04-17,838678.0158262186
2022-04-18,545812.0633486067
2022-04-19,288172.39539846923
2022-04-20,163289.48882582216
2022-04-21,82995.26832365106
2022-04-22,67455.44326243484
2022-04-23,58490.776129137805
2022-04-24,63762.32690294223
2022-04-25,91542.88337577284
2022-04-26,69003.03687894778
2022-04-27,55711.504191270506
2022-04-28,91170.79764116976
2022-04-29,94833.74527717552
2022-04-30,58394.10067369272
2022-05-01,41122.179125661365
2022-05-02,23822.21424328172
2022-05-03,15321.543789815269
2022-05-04,10782.878872446328
2022-05-05,15096.150812516042
2022-05-06,20568.457890041624
2022-05-07,19437.360933115586
2022-05-08,15645.615136124545
2022-05-09,12995.83099996725
2022-05-10,16128.677881593276
2022-05-11,39050.03897065223
2022-05-12,67778.82966544451
2022-05-13,64299.22302099763
2022-05-14,44107.13026877048
2022-05-15,26983.5394603943
2022-05-16,14549.513213402082
2022-05-17,8107.539398046119
2022-05-18,5636.325993777521
2022-05-19,8467.055532547996
2022-05-20,16085.85248438032
2022-05-21,23411.776968504262
2022-05-22,22633.66134270378
2022-05-23,16466.05568763716
2022-05-24,11142.865728089948
2022-05-25,6838.996149237545
2022-05-26,5426.131168451986
2022-05-27,13549.338827969648
2022-05-28,22081.981620441115
2022-05-29,21271.67197142224
2022-05-30,16672.57742011173
2022-05-31,10822.967383420057
2022-06-01,8825.920682219337
2022-06-02,8004.421424055634
2022-06-03,6504.470732266042
2022-06-04,5921.463808513256
2022-06-05,5220.846033138977
2022-06-06,10948.16650939721
2022-06-07,18558.39232406581
2022-06-08,19797.07829845897
2022-06-09,16211.03529169835
2022-06-10,10936.088499727475
2022-06-11,7349.531589766098
2022-06-12,4839.261566706484
2022-06-13,3664.456390234916
2022-06-14,3519.786999867906
2022-06-15,3513.0293623876955
2022-06-16,6429.465942356673
2022-06-17,16211.542760405311
2022-06-18,35820.07453737367
2022-06-19,68297.34955431252
2022-06-20,71402.93840342018
2022-06-21,46117.62405887019
2022-06-22,28985.267170188006
2022-06-23,14981.640261470531
2022-06-24,8116.953992141327
2022-06-25,5380.997622904595
2022-06-26,4674.162927719212
2022-06-27,4207.056894982999
2022-06-28,3639.474725034191
2022-06-29,4067.7285748349263
2022-06-30,5472.700217755657
2022-07-01,13325.054149408528
2022-07-02,21139.22581945145
2022-07-03,20783.278969598643
2022-07-04,17628.53232509952
2022-07-05,22324.605535966835
2022-07-06,31349.90644547191
2022-07-07,35989.57476155684
2022-07-08,36880.539786980735
2022-07-09,31277.10491920182
2022-07-10,23054.64015322048
2022-07-11,17636.805983138376
2022-07-12,13786.480799454504
2022-07-13,10522.8490151428
2022-07-14,8161.655301180858
2022-07-15,6286.283972079774
2022-07-16,4753.753701226007
2022-07-17,3532.374508902348
2022-07-18,3053.2840969438685
2022-07-19,3479.523216219573
2022-07-20,3311.992167324111
2022-07-21,3571.3795049486093
2022-07-22,9268.364107676322
2022-07-23,15485.501468280429
2022-07-24,16009.716667045706
2022-07-25,12950.644388195506
2022-07-26,8933.334720600931
2022-07-27,6344.571702497619
2022-07-28,7334.2343025498785
2022-07-29,21740.73881215769
2022-07-30,32944.17656488802
2022-07-31,37989.56662597598
2022-08-01,85926.97953554637
2022-08-02,217919.5659972244
2022-08-03,346885.5632906413
2022-08-04,428314.83803680894
2022-08-05,832584.5722381026
2022-08-06,990174.4872747256
2022-08-07,706908.2539267951
2022-08-08,482525.32333692553
2022-08-09,246073.68251110308
2022-08-10,124090.4937707963
2022-08-11,66633.25734836861
2022-08-12,49480.44733248851
2022-08-13,40463.34788257691
2022-08-14,35032.55610997228
2022-08-15,30009.70732834047
2022-08-16,9114.712922434355
2022-08-17,3971.4913255421175
2022-08-18,1179.3860540657568
2022-08-19,1022.622687676774
2022-08-20,851.0807496864873
2022-08-21,719.175173483422
2022-08-22,717.165089005415
2022-08-23,2301.234647027846
2022-08-24,4130.283793641094
2022-08-25,4444.813103733161
2022-08-26,5137.95199114601
2022-08-27,9312.804685156205
2022-08-28,14359.311289941968
2022-08-29,15940.685533937452
2022-08-30,25533.92312219298
2022-08-31,212203.88370974376
2022-09-01,410093.86608920223
2022-09-02,460503.5301670052
2022-09-03,473902.279625675
2022-09-04,370209.8252230586
2022-09-05,229542.08812806776
2022-09-06,168895.67706975972
2022-09-07,199043.1432400132
2022-09-08,204199.987296342
2022-09-09,148780.74417354225
2022-09-10,99492.72343568948
2022-09-11,54577.25756187325
2022-09-12,28492.5180405428
2022-09-13,15361.13762767232
2022-09-14,9240.954999115844
2022-09-15,7759.014553272503
2022-09-16,7314.285708168218
2022-09-17,5570.121585163807
2022-09-18,2155.933230344479
2022-09-19,934.7917252850611
2022-09-20,750.8898342551146
2022-09-21,662.0277258862445
2022-09-22,599.7766898220278
2022-09-23,548.0940847024166
2022-09-24,511.9409541613651
2022-09-25,485.6387081991149
2022-09-26,488.8558034001821
2022-09-27,481.6280588686877
2022-09-28,475.0465454713843
2022-09-29,465.09113584404287
2022-09-30,429.5700193864752
2022-10-01,434.8399627601251
2022-10-02,452.8167444455875
2022-10-03,461.2229946480499
2022-10-04,441.3406853386022
2022-10-05,430.5869458663623
2022-10-06,442.92786944116034
2022-10-07,417.7518874215091
2022-10-08,385.6902312817728
2022-10-09,451.7903399318986
2022-10-10,1905.807820498949
2022-10-11,3238.402476730686
2022-10-12,8395.92389197484
2022-10-13,17051.05984889958
2022-10-14,23476.395947210112
2022-10-15,27053.26123732326
2022-10-16,30740.311068005703
2022-10-17,47634.64282034988
2022-10-18,313419.89816207555
2022-10-19,522501.8374202964
2022-10-20,450211.0460355912
2022-10-21,392438.7723939808
2022-10-22,384337.66399110906
2022-10-23,361171.8740987869
2022-10-24,252930.6167078415
2022-10-25,156945.71798537517
2022-10-26,90262.67404722504
2022-10-27,51999.02661126169
2022-10-28,36116.775895866
2022-10-29,20490.2828030289
2022-10-30,14840.424628453671
2022-10-31,12171.97461302598
2022-11-01,9433.024687305846
2022-11-02,4748.868795024116
2022-11-03,14596.00761768478
2022-11-04,25527.6863117224
2022-11-05,24490.38083587831
2022-11-06,20497.9498326525
2022-11-07,14965.31575503096
2022-11-08,10928.104173716802
2022-11-09,7886.238930049682
2022-11-10,6192.2125538198725
2022-11-11,11422.381605730072
2022-11-12,168243.08019057024
2022-11-13,334278.80704611016
2022-11-14,403421.85630773846
2022-11-15,467246.58361018414
2022-11-16,438598.5487481902
2022-11-17,324029.25542298803
2022-11-18,190064.94336320605
2022-11-19,103928.92425085764
2022-11-20,54625.92410935385
2022-11-21,34212.456146246266
2022-11-22,28312.36885148664
2022-11-23,20610.69412738896
2022-11-24,15947.56390992258
2022-11-25,10335.735134915016
2022-11-26,5094.765528308844
2022-11-27,1537.8615621100944
2022-11-28,840.3317492311526
2022-11-29,1078.8291847521562
2022-11-30,1454.41657331551
2022-12-01,1307.2380704492862
2022-12-02,973.0546137932832
2022-12-03,796.5231956210563
2022-12-04,688.1636193884467
2022-12-05,648.8029426308162
2022-12-06,638.5243819610362
2022-12-07,588.709277341151
2022-12-08,800.4672393778656
2022-12-09,5320.971037824201
2022-12-10,10404.11295894594
2022-12-11,15495.33489164931
2022-12-12,95418.96762404822
2022-12-13,191088.0953993153
2022-12-14,185934.33109232748
2022-12-15,131782.8097316535
2022-12-16,77455.10141107652
2022-12-17,38857.22263652647
2022-12-18,18775.358805749634
2022-12-19,11580.514379189435
2022-12-20,9602.723279837111
2022-12-21,9005.730947160293
2022-12-22,8655.78985318021
2022-12-23,5080.481465903652
2022-12-24,2016.0444853609863
2022-12-25,981.888757831944
2022-12-26,780.1098271098134
2022-12-27,704.239617359972
2022-12-28,626.2880152402598
2022-12-29,574.363118401151
2022-12-30,530.8539106530931
2022-12-31,499.10585657129855
2023-01-01,474.8516830661011
2023-01-02,455.61094171778586
2023-01-03,439.3401180396019
2023-01-04,425.25520933326624
2023-01-05,412.9666008841123
2023-01-06,400.9821140125353
2023-01-07,391.2689985512544
2023-01-08,382.6156809137645
2023-01-09,374.8318958102976
2023-01-10,367.75147182740926
2023-01-11,361.2839590658678
2023-01-12,355.3630063959254
2023-01-13,349.9553306033799
2023-01-14,344.92771809443235
2023-01-15,340.2422493941607
2023-01-16,335.94643455376035
2023-01-17,331.9595537051088
2023-01-18,328.16268614893534
2023-01-19,324.6937086520973
2023-01-20,321.48138916656
2023-01-21,318.42587071000224
2023-01-22,315.5793950107929
2023-01-23,312.93259413103874
2023-01-24,361.160480396304
2023-01-25,1527.0459903332037
2023-01-26,2002.8959716527245
2023-01-27,1349.1221403677932
2023-01-28,1216.5703305839654
2023-01-29,1002.7071318517576
2023-01-30,969.3385713079978
2023-01-31,952.3930041038074
2023-02-01,925.1975305230422
2023-02-02,1476.2473525435337
2023-02-03,4047.964892635666
2023-02-04,5862.558929405149
2023-02-05,5306.14914470909
2023-02-06,4385.090114216594
2023-02-07,3237.999134280437
2023-02-08,2357.84085338874
2023-02-09,1747.0109681365336
2023-02-10,1414.3671561729832
2023-02-11,1208.8815876020851
2023-02-12,1079.5229577430243
2023-02-13,969.2435634384644
2023-02-14,801.6553674305972
2023-02-15,698.8889223127094
2023-02-16,628.2125698825354
2023-02-17,579.2480392824979
2023-02-18,539.4359913493881
2023-02-19,509.6172676254077
2023-02-20,485.0684505764439
2023-02-21,464.4543802970822
2023-02-22,446.8482915107443
2023-02-23,431.54685490234175
2023-02-24,418.28412036650974
2023-02-25,406.6464845150151
2023-02-26,396.24910834872094
2023-02-27,386.8782125399625
2023-02-28,378.4956598685808
2023-03-01,370.9637546143047
2023-03-02,364.12569574817184
2023-03-03,357.9006190540809
2023-03-04,352.2124458177725
2023-03-05,346.9282486947994
2023-03-06,341.98616112843166
2023-03-07,337.4480545685424
2023-03-08,333.33280923888
2023-03-09,329.5597468631069
2023-03-10,325.98624921088896
2023-03-11,322.63612390918945
2023-03-12,319.495041364847
2023-03-13,316.4728061224829
2023-03-14,313.6406233178189
2023-03-15,312.0534392152608
2023-03-16,354.81181738332094
2023-03-17,847.8540296570851
2023-03-18,1020.104177880747
2023-03-19,694.9588778613705
2023-03-20,559.0236938137027
2023-03-21,406.2378036368448
2023-03-22,340.2041904644285
2023-03-23,536.5135396920961
2023-03-24,10622.594874010269
2023-03-25,132059.58764656118
2023-03-26,251000.95606232848
2023-03-27,227835.78295171028
2023-03-28,159297.3774432303
2023-03-29,91135.25770565284
2023-03-30,48247.14546357874
2023-03-31,64686.71777792369
2023-04-01,112289.98326644982
2023-04-02,110329.59803547802
2023-04-03,78101.45438472621
2023-04-04,50351.19263402488
2023-04-05,24979.55307202438
2023-04-06,11446.023134690657
2023-04-07,8208.404614173318
2023-04-08,8974.439343344877
2023-04-09,8456.981194881668
2023-04-10,7745.086883532173
2023-04-11,5599.051974420434
2023-04-12,3121.2568169901188
2023-04-13,2218.0372737012176
2023-04-14,1772.5669033438828
2023-04-15,1471.923137853798
2023-04-16,1256.4917844838933
2023-04-17,1109.44138920823
2023-04-18,942.9983740653436
2023-04-19,845.0694572132219
2023-04-20,1549.4468094386784
2023-04-21,1781.5387822480195
2023-04-22,1222.3534015939076
2023-04-23,1235.0316981549947
2023-04-24,6260.199561867516
2023-04-25,12792.28063353556
2023-04-26,27832.237690741847
2023-04-27,87021.1554161086
2023-04-28,178296.3981027954
2023-04-29,247650.40994963216
2023-04-30,568685.8055138488
2023-05-01,755142.183233744
2023-05-02,619937.6738764353
2023-05-03,522261.34638043056
2023-05-04,445337.82957182353
2023-05-05,370919.5767990487
2023-05-06,234927.925297663
2023-05-07,153564.41988557356
2023-05-08,137099.7420359062
2023-05-09,121856.00008353306
2023-05-10,82776.39204506885
2023-05-11,52037.50170350291
2023-05-12,34560.20163436861
2023-05-13,22499.091930115195
2023-05-14,15450.977742396732
2023-05-15,8544.061645748208
2023-05-16,5620.107668718157
2023-05-17,4638.047949077774
2023-05-18,3938.1563907331433
2023-05-19,2274.671187530565
2023-05-20,1990.497737044944
2023-05-21,1632.4165460335362
2023-05-22,3439.273720572616
2023-05-23,6556.777221498481
2023-05-24,7291.50109230481
2023-05-25,6227.502155723381
2023-05-26,5045.022096120593
2023-05-27,3614.4703066805655
2023-05-28,3114.261763815545
2023-05-29,2916.4940255636093
2023-05-30,6158.416782034491
2023-05-31,11491.714890922562
2023-06-01,12165.32371963835
2023-06-02,9773.467196251024
2023-06-03,6898.439421767961
2023-06-04,4884.181624068688
2023-06-05,3591.1230518308403
2023-06-06,2698.44378429475
2023-06-07,2210.690640275951
2023-06-08,2134.672928930926
2023-06-09,2029.1120687956204
2023-06-10,1537.262794542171
2023-06-11,1197.5480390761056
2023-06-12,980.695890762316
2023-06-13,1910.9638366340944
2023-06-14,2574.740543559215
2023-06-15,2578.4708128815023
2023-06-16,2734.820962441192
2023-06-17,2368.827479943942
2023-06-18,2004.7679542789144
2023-06-19,1669.7006403888702
2023-06-20,1457.9855496960597
2023-06-21,2294.6818980196394
2023-06-22,2722.5125587490115
2023-06-23,2064.438724086291
2023-06-24,1629.056976950097
2023-06-25,1290.644240076625
2023-06-26,2125.981623314399
2023-06-27,2561.1301946717163
2023-06-28,1921.2757196632904
2023-06-29,1564.8909376746817
2023-06-30,1306.4446239692456
2023-07-01,1169.478183848521
2023-07-02,1484.895784369585
2023-07-03,3557.0423518533216
2023-07-04,9358.61894142744
2023-07-05,33455.93681008384
2023-07-06,120240.37380587216
2023-07-07,253382.611760092
2023-07-08,300073.282782457
2023-07-09,230624.14978964164
2023-07-10,177630.82825658875
2023-07-11,200208.3987469517
2023-07-12,274875.3769990247
2023-07-13,292048.70326375274
2023-07-14,210478.24104465323
2023-07-15,127774.28182691443
2023-07-16,70956.56215664856
2023-07-17,36242.30161521743
2023-07-18,19746.65941568439
2023-07-19,14461.95269547507
2023-07-20,13444.419024461173
2023-07-21,11498.348291294784
2023-07-22,8965.358975939764
2023-07-23,5885.986358536658
2023-07-24,4541.758783451144
2023-07-25,12132.71791328396
2023-07-26,20472.330883444483
2023-07-27,26326.798816143644
2023-07-28,64351.45031457853
2023-07-29,77199.66791085088
2023-07-30,49369.63727594048
2023-07-31,32091.36001386532
2023-08-01,16477.041717227916
2023-08-02,8520.164645365478
2023-08-03,5347.785750847327
2023-08-04,4610.329666761142
2023-08-05,3939.905129561024
2023-08-06,3505.430885811872
2023-08-07,3036.471669936219
2023-08-08,1180.9065958960723
2023-08-09,972.7173166508322
2023-08-10,970.1797749433632
2023-08-11,1433.679207859751
2023-08-12,2557.3485961937404
2023-08-13,2952.08142464681
2023-08-14,2880.953894320635
2023-08-15,2848.521036394051
2023-08-16,2514.081347430892
2023-08-17,2113.959185162409
2023-08-18,1730.117461614126
2023-08-19,1439.5475885136163
2023-08-20,1216.993157562148
2023-08-21,1069.0116543382435
2023-08-22,954.0325400306516
2023-08-23,1122.713711873764
2023-08-24,1157.583711385702
2023-08-25,900.3113062357277
2023-08-26,767.8592408917584
2023-08-27,635.1695518945018
2023-08-28,562.8490346164867
2023-08-29,540.3721294570291
2023-08-30,948.1779409370372
2023-08-31,1139.336198986202
2023-09-01,988.7077138359484
2023-09-02,2151.5140811824763
2023-09-03,3987.234843678524
2023-09-04,4452.948505785955
2023-09-05,4353.855662406753
2023-09-06,4134.6793357953175
2023-09-07,4634.3130067961165
2023-09-08,4676.619827848968
2023-09-09,3788.953495814912
2023-09-10,3409.3744629202424
2023-09-11,3754.4070167783166
2023-09-12,4380.248365607949
2023-09-13,3645.0112032447664
2023-09-14,2841.6070627342187
2023-09-15,2304.8797437144403
2023-09-16,1899.4450847832288
2023-09-17,1698.7354323652542
2023-09-18,1573.8295651700976
2023-09-19,3155.418596482388
2023-09-20,4342.560189936532
2023-09-21,4253.712014815597
2023-09-22,9155.048170555405
2023-09-23,14179.542445525596
2023-09-24,15262.267911986084
2023-09-25,17471.08554696725
2023-09-26,16239.79358882862
2023-09-27,11778.638803695296
2023-09-28,8228.47162281309
2023-09-29,5626.87406493895
2023-09-30,5463.206281214363
2023-10-01,8628.37607166037
2023-10-02,15383.421209322534
2023-10-03,18415.874745853624
2023-10-04,15084.862630841057
2023-10-05,10675.968828634375
2023-10-06,6697.035044641216
2023-10-07,4169.274232562654
2023-10-08,3687.745587846108
2023-10-09,4301.816339227728
2023-10-10,5512.679073211853
2023-10-11,5717.423466389998
2023-10-12,4882.518319660085
2023-10-13,6105.294237517073
2023-10-14,26179.116663674933
2023-10-15,125753.10188399287
2023-10-16,221763.0408182136
2023-10-17,210320.6634725904
2023-10-18,153823.53058889712
2023-10-19,94701.94531474716
2023-10-20,49570.711047308985
2023-10-21,25386.41589987829
2023-10-22,15669.018662212626
2023-10-23,12521.45024600181
2023-10-24,12543.874970597282
2023-10-25,34226.53496542598
2023-10-26,62757.21053269961
2023-10-27,60459.248271034376
2023-10-28,46859.56522977686
2023-10-29,44354.64934164978
2023-10-30,218835.4452357603
2023-10-31,541197.4817292122
2023-11-01,641723.1572041573
2023-11-02,556790.5917386329
2023-11-03,436242.0536336997
2023-11-04,514991.2809845426
2023-11-05,1004094.5383786988
2023-11-06,1203691.9653047624
2023-11-07,1053081.4502521504
2023-11-08,898562.29828453
2023-11-09,658555.5335890962
2023-11-10,432690.6069671859
2023-11-11,244064.2067411025
2023-11-12,143476.96221303634
2023-11-13,88512.28011095618
2023-11-14,67102.31261680157
2023-11-15,51016.9675032652
2023-11-16,27571.018039267623
2023-11-17,18399.7124229093
2023-11-18,10147.314636532552
2023-11-19,5050.629451625746
2023-11-20,1654.1379559933746
2023-11-21,1113.0386577887953
2023-11-22,3997.137676396637
2023-11-23,13769.497161087707
2023-11-24,20633.43152434365
2023-11-25,19001.89739206457
2023-11-26,14970.653033057744
2023-11-27,10395.962975302687
2023-11-28,6917.034741798605
2023-11-29,4760.724533302339
2023-11-30,3608.724988778423
2023-12-01,2944.4733330289546
2023-12-02,2503.588498545715
2023-12-03,2198.777135901699
2023-12-04,2095.055596608576
2023-12-05,2560.251433654601
2023-12-06,2370.965745409776
2023-12-07,1747.2387492162577
2023-12-08,2546.1382645537315
2023-12-09,13345.85960795585
2023-12-10,23721.03111912355
2023-12-11,24038.572897728245
2023-12-12,20168.95184156192
2023-12-13,13232.558839603536
2023-12-14,8132.087945971774
2023-12-15,4863.519926302499
2023-12-16,3282.286874183787
2023-12-17,7065.310164379914
2023-12-18,109905.21968372606
2023-12-19,196502.3982311355
2023-12-20,159303.686672338
2023-12-21,108115.70206802954
2023-12-22,59218.60104825836
2023-12-23,28356.93836349963
2023-12-24,13924.406546753611
2023-12-25,9691.82200876328
2023-12-26,8652.20657411882
2023-12-27,8295.55623592351
2023-12-28,8112.671922162545
2023-12-29,4083.4195894593618
2023-12-30,2148.648720366358
2023-12-31,1354.2400951266354
2024-01-01,1118.1518710841606
2024-01-02,831.8019469618598
2024-01-03,688.2301882634227
2024-01-04,1346.2948409279877
2024-01-05,18875.09182009532
2024-01-06,34236.60751709213
2024-01-07,31978.19096914228
2024-01-08,25949.98115970976
2024-01-09,16650.543511499538
2024-01-10,12956.11583642714
2024-01-11,12477.938877927516
2024-01-12,11275.02839534819
2024-01-13,9162.028617673768
2024-01-14,6901.053245255462
2024-01-15,5117.209507454138
2024-01-16,3218.620127159744
2024-01-17,2237.1877486434846
2024-01-18,1672.8750085939948
2024-01-19,1411.7390569169625
2024-01-20,1243.1147581698049
2024-01-21,1015.9889325510932
2024-01-22,825.1254648402364
2024-01-23,705.4181205843686
2024-01-24,634.3901047199405
2024-01-25,584.7509039911632
2024-01-26,546.6589626119242
2024-01-27,516.1512416126054
2024-01-28,491.022759857855
2024-01-29,469.8383977037606
2024-01-30,451.7238420076176
2024-01-31,436.1563084993172
2024-02-01,422.6131107717754
2024-02-02,410.62862634676986
2024-02-03,399.9557094988464
2024-02-04,390.4184979286732
2024-02-05,381.8268658013098
2024-02-06,374.0859520417469
2024-02-07,367.024449874392
2024-02-08,360.5617495270224
2024-02-09,354.6454991753434
2024-02-10,349.24245475037475
2024-02-11,344.3288771292508
2024-02-12,339.681472251863
2024-02-13,335.31915948718176
2024-02-14,331.3084343129078
2024-02-15,327.5876528107258
2024-02-16,324.15196097466145
2024-02-17,320.9728904512733
2024-02-18,317.93636476095264
2024-02-19,315.09466722385343
2024-02-20,312.4526029144157
2024-02-21,309.91502695489345
2024-02-22,307.453500350712
2024-02-23,305.14405043806846
2024-02-24,303.0104163398112
2024-02-25,300.9717876644985
2024-02-26,299.0044864536739
2024-02-27,297.1749568069584
2024-02-28,296.514413205624
2024-02-29,321.4291107395491
2024-03-01,356.5890857290608
2024-03-02,121936.16066449264
2024-03-03,236602.62903587343
2024-03-04,195542.8593620452
2024-03-05,123531.08646616442
2024-03-06,67723.96594201775
2024-03-07,30106.40357967799
2024-03-08,14142.466158406944
2024-03-09,10053.20588352929
2024-03-10,9535.430414213251
2024-03-11,9338.907175562
2024-03-12,9207.932712200329
2024-03-13,4158.030651960505
2024-03-14,1048.901126012044
2024-03-15,735.9448710485578
2024-03-16,652.5046946681366
2024-03-17,595.4619164674608
2024-03-18,552.5609567676912
2024-03-19,519.1829915873961
2024-03-20,492.4150473030768
2024-03-21,471.4873015684983
2024-03-22,480.7156892428224
2024-03-23,502.72685693499744
2024-03-24,482.30757566365247
2024-03-25,445.25636839128094
2024-03-26,419.2060022782301
2024-03-27,397.7744992918416
2024-03-28,384.53075752224674
2024-03-29,375.64455524837473
2024-03-30,368.630590044554
2024-03-31,362.3009222443881
2024-04-01,356.43695276629154
2024-04-02,400.8775938571469
2024-04-03,1661.3655928755409
2024-04-04,10780.12799179478
2024-04-05,176580.68535401463
2024-04-06,615803.9617942958
2024-04-07,780622.0201542298
2024-04-08,573665.489607166
2024-04-09,370252.6060436645
2024-04-10,184991.46098732675
2024-04-11,85295.99790695573
2024-04-12,46773.809330464006
2024-04-13,121981.6681935833
2024-04-14,218042.0144138104
2024-04-15,205782.2202639006
2024-04-16,144095.95097278748
2024-04-17,77211.13354265275
2024-04-18,36814.65399590491
2024-04-19,17270.04808278036
2024-04-20,11054.926064345187
2024-04-21,9451.339409583132
2024-04-22,8965.178149538584
2024-04-23,8659.938340132281
2024-04-24,4839.665227211557
2024-04-25,2010.161523116661
2024-04-26,1244.0605920564672
2024-04-27,944.4477523517396
2024-04-28,786.2114569398221
2024-04-29,668.3241838694745
2024-04-30,671.089724401896
2024-05-01,2320.575570753048
2024-05-02,3396.5442780539443
2024-05-03,3184.847989294473
2024-05-04,3863.996794823916
2024-05-05,3537.378710129557
2024-05-06,2609.923988548267
2024-05-07,2025.9143675991763
2024-05-08,1989.034215105116
2024-05-09,12289.524226860683
2024-05-10,22031.27105692578
2024-05-11,19482.07391232064
2024-05-12,15314.092597089397
2024-05-13,14258.595999966365
2024-05-14,33733.60845905116
2024-05-15,100518.61000932532
2024-05-16,204800.56239429937
2024-05-17,309675.8937644749
2024-05-18,326092.0220129744
2024-05-19,320853.4021464876
2024-05-20,380623.935966321
2024-05-21,405065.23825139087
2024-05-22,519567.0354494699
2024-05-23,656743.0003029384
2024-05-24,787087.2111155461
2024-05-25,1593971.6176226584
2024-05-26,1793779.3693116766
2024-05-27,1146818.1182547824
2024-05-28,761635.3752525824
2024-05-29,422844.8357313434
2024-05-30,344432.9397750056
2024-05-31,306761.27114903886
2024-06-01,227189.42068107345
