date,streamflow
2015-10-24,0.6322970990447669
2015-10-25,15.19486087645968
2015-10-26,21.37458758506882
2015-10-27,12.897665328539862
2015-10-28,9.61013625206864
2015-10-29,5.795254718466642
2015-10-30,4.786938009890946
2015-10-31,3.871897165234332
2015-11-01,7.894448819681775
2015-11-02,14.043296431390122
2015-11-03,12.741324646548067
2015-11-04,13.884435011995237
2015-11-05,19.977364468110427
2015-11-06,22.473040668736708
2015-11-07,17.70372765907235
2015-11-08,10.856441334918893
2015-11-09,10.079993871565293
2015-11-10,9.621045430642775
2015-11-11,6.795970250851587
2015-11-12,5.069350335125505
2015-11-13,4.348838328958578
2015-11-14,3.8330889830545263
2015-11-15,2.7764731998187817
2015-11-16,2.553987885850756
2015-11-17,2.219812276517971
2015-11-18,1.8225772859471
2015-11-19,6.785152252524789
2015-11-20,13.984901571090957
2015-11-21,12.86101191683252
2015-11-22,7.826253526952756
2015-11-23,4.8256727664864805
2015-11-24,5.18548069794144
2015-11-25,5.222976224361714
2015-11-26,3.077204251219527
2015-11-27,2.188477131132872
2015-11-28,1.2695401176955183
2015-11-29,0.8772702738697443
2015-11-30,0.5967892935214508
2015-12-01,0.4315945139681214
2015-12-02,0.6101639208549144
2015-12-03,1.070539581836556
2015-12-04,1.7872162268199914
2015-12-05,2.27684067621662
2015-12-06,2.046447203119515
2015-12-07,1.5352641894874128
2015-12-08,1.2851098245331514
2015-12-09,1.0767933036944966
2015-12-10,1.329551062928244
2015-12-11,1.484782894003418
2015-12-12,1.1654810200427004
2015-12-13,0.9228377299037208
2015-12-14,2.3269629140806543
2015-12-15,3.475933150855893
2015-12-16,2.5801181880442723
2015-12-17,1.6452596451037342
2015-12-18,0.903040382937736
2015-12-19,0.4428416314577267
2015-12-20,0.2557919388393181
2015-12-21,0.2011570639581207
2015-12-22,0.193876300253555
2015-12-23,0.1898811595618551
2015-12-24,0.184173480242838
2015-12-25,0.1057991010732091
2015-12-26,0.0708300595264637
2015-12-27,0.0667640916043736
2015-12-28,0.0685416043698063
2015-12-29,0.0757558280146176
2015-12-30,0.0853521599736748
2015-12-31,0.0961763308067819
2016-01-01,0.0967803393473568
2016-01-02,0.0912410229392106
2016-01-03,0.0829777951844095
2016-01-04,0.0726492951837716
2016-01-05,0.0670349184597771
2016-01-06,0.0644392674221033
2016-01-07,0.0701372991913475
2016-01-08,0.0796216547274595
2016-01-09,0.0916940395387067
2016-01-10,0.0932169014475847
2016-01-11,0.0817112041389033
2016-01-12,0.0734238541116483
2016-01-13,0.0730307820119034
2016-01-14,0.0714903531806521
2016-01-15,0.0642939464959732
2016-01-16,0.0595069772809168
2016-01-17,0.0580049967813537
2016-01-18,0.0662231061711558
2016-01-19,0.0702565332221789
2016-01-20,0.0645153539404869
2016-01-21,0.0626679115887138
2016-01-22,0.0621848519472246
2016-01-23,0.0596336175830811
2016-01-24,0.0573911450215931
2016-01-25,0.0559653798820673
2016-01-26,0.0529788136388846
2016-01-27,0.0505640220198313
2016-01-28,0.0489482763220978
2016-01-29,0.0475759640451486
2016-01-30,0.0469210375661406
2016-01-31,0.046541012453651
2016-02-01,0.0461305019900181
2016-02-02,0.0459537437003486
2016-02-03,0.0507635388426032
2016-02-04,0.0525900963870399
2016-02-05,0.0491494672368644
2016-02-06,0.0500146247840436
2016-02-07,0.0547623216471641
2016-02-08,0.0630364562019242
2016-02-09,0.0669908798161543
2016-02-10,0.0697574932512537
2016-02-11,0.0695989197575591
2016-02-12,0.0623029113952424
2016-02-13,0.0574793975901217
2016-02-14,0.0614791154169706
2016-02-15,0.0638383306930909
2016-02-16,0.0655284551201654
2016-02-17,0.0661264415168888
2016-02-18,0.0609573171961115
2016-02-19,0.0618572064888102
2016-02-20,0.0584755330140887
2016-02-21,0.058066224034274
2016-02-22,0.0573598396145607
2016-02-23,0.0527174114796681
2016-02-24,0.0506274874363385
2016-02-25,0.0466428517285387
2016-02-26,0.0498718319860137
2016-02-27,0.0532989282318394
2016-02-28,0.0575254345536374
2016-02-29,0.0761850462863895
2016-03-01,0.0888871278323047
2016-03-02,0.0938623828422758
2016-03-03,0.0918358701302756
2016-03-04,0.0920619359792893
2016-03-05,0.094105320435069
2016-03-06,0.1032863756388063
2016-03-07,0.1114945333558988
2016-03-08,0.2112968930547247
2016-03-09,0.272769716468292
2016-03-10,0.2231185021699292
2016-03-11,0.2651088698848687
2016-03-12,2.229795720729985
2016-03-13,10.499798377453123
2016-03-14,18.30268843850105
2016-03-15,15.68225494940235
2016-03-16,11.111737135980936
2016-03-17,8.940043751193866
2016-03-18,5.5223788560142015
2016-03-19,3.0753672524040963
2016-03-20,1.8934674845100528
2016-03-21,1.234881188948199
2016-03-22,0.977092494438719
2016-03-23,0.8536787157623282
2016-03-24,0.5327204053610751
2016-03-25,0.2519643511966651
2016-03-26,0.223786620618449
2016-03-27,0.1381745909933173
2016-03-28,0.0749975328678154
2016-03-29,0.0781540990187942
2016-03-30,0.0898188560214332
2016-03-31,0.1005927367006052
2016-04-01,0.0935358244676177
2016-04-02,0.0772153292793222
2016-04-03,0.0675058123342898
2016-04-04,0.0614473374017618
2016-04-05,0.0577403744302963
2016-04-06,0.0565778914054594
2016-04-07,0.0580502235998766
2016-04-08,0.057773880905846
2016-04-09,0.0610854968020787
2016-04-10,0.0742445241931797
2016-04-11,0.0805317114672419
2016-04-12,0.0718148526373648
2016-04-13,0.062163133208744
2016-04-14,0.0560692075659514
2016-04-15,0.0733610807588817
2016-04-16,0.0856595721954024
2016-04-17,0.0724451304337332
2016-04-18,0.0623117824970705
2016-04-19,0.0535550408040363
2016-04-20,0.0507523417949624
2016-04-21,0.0515103229079314
2016-04-22,0.0501965036091561
2016-04-23,0.0478041196774709
2016-04-24,0.0472504686849269
2016-04-25,0.0546565225443919
2016-04-26,0.0562507726403992
2016-04-27,0.0502922873263129
2016-04-28,0.048351950708451
2016-04-29,0.0459525858244748
2016-04-30,0.0461289321040204
2016-05-01,0.0481889314697774
2016-05-02,0.0473606155563875
2016-05-03,0.0452860168738227
2016-05-04,0.0439806062627642
2016-05-05,0.0438698922048581
2016-05-06,0.0643216063921228
2016-05-07,0.0807614367023934
2016-05-08,0.0905094900445082
2016-05-09,0.1137941484651273
2016-05-10,0.1166119904744714
2016-05-11,0.2948489371893545
2016-05-12,0.6060452184686562
2016-05-13,2.1553153622250822
2016-05-14,2.7129350713118354
2016-05-15,1.6809707995687269
2016-05-16,2.8015159538596777
2016-05-17,9.48821945483564
2016-05-18,17.44186421841821
2016-05-19,18.05436121526778
2016-05-20,12.904913053846355
2016-05-21,7.361702711118677
2016-05-22,3.698207175838344
2016-05-23,1.7073508421943595
2016-05-24,0.9607406139898826
2016-05-25,0.8191817650432182
2016-05-26,0.8114275872647567
2016-05-27,0.7536216041158038
2016-05-28,0.5228949974721682
2016-05-29,0.2831622586996105
2016-05-30,0.1448356158656312
2016-05-31,0.1171734928791831
2016-06-01,0.108412143468805
2016-06-02,0.0987160141626972
2016-06-03,0.0956177314452246
2016-06-04,0.0936406984589984
2016-06-05,0.1259036042766247
2016-06-06,0.1615185794381078
2016-06-07,0.1378305599913863
2016-06-08,0.1138591226032427
2016-06-09,0.1452764734941939
2016-06-10,0.1845797174110901
2016-06-11,0.1639744052833173
2016-06-12,0.1235485345869052
2016-06-13,0.0928794059739413
2016-06-14,0.0703671119255562
2016-06-15,0.0600525534413703
2016-06-16,0.0546655154086622
2016-06-17,0.0630411955926066
2016-06-18,0.1793665680387765
2016-06-19,0.2835809728369878
2016-06-20,0.2369445204327025
2016-06-21,0.1770516544697877
2016-06-22,0.1359343868944425
2016-06-23,0.1680144822626899
2016-06-24,0.2805964281335124
2016-06-25,1.672720864591413
2016-06-26,2.260844398732409
2016-06-27,1.341143575159132
2016-06-28,0.910159076867508
2016-06-29,0.4507295638629927
2016-06-30,0.2419284375661709
2016-07-01,0.1630404086315756
2016-07-02,0.1481520657308152
2016-07-03,0.1402468099280601
2016-07-04,0.1334216750521262
2016-07-05,0.1275439179539838
2016-07-06,0.0644244684715242
2016-07-07,0.0811827828906993
2016-07-08,0.0935102911666778
2016-07-09,0.189930781438201
2016-07-10,0.4349392517971215
2016-07-11,0.4821731089700927
2016-07-12,0.379166667451022
2016-07-13,0.3109986863209356
2016-07-14,0.2049628991652453
2016-07-15,0.1493533581271395
2016-07-16,0.4193451584908521
2016-07-17,2.2738709865310804
2016-07-18,2.9661838899795177
2016-07-19,1.971380295109224
2016-07-20,2.703398183777012
2016-07-21,2.6041172510651807
2016-07-22,1.4649382862197902
2016-07-23,0.9528614060051774
2016-07-24,0.5430401687649081
2016-07-25,0.547461382859352
2016-07-26,4.454276420248395
2016-07-27,9.521762770603278
2016-07-28,13.435363090870462
2016-07-29,16.29882212488916
2016-07-30,12.841315935683742
2016-07-31,7.573438734757467
2016-08-01,4.567806503638014
2016-08-02,2.459285280427264
2016-08-03,1.4067523419544217
2016-08-04,1.0346282669068592
2016-08-05,0.9001767143590494
2016-08-06,0.6964487828340861
2016-08-07,0.5406451468357563
2016-08-08,0.3211891493379972
2016-08-09,0.1470534462573543
2016-08-10,0.1265820388356751
2016-08-11,0.1068548162759379
2016-08-12,0.085587212174084
2016-08-13,0.0924258088790817
2016-08-14,0.1108486807273435
2016-08-15,0.1069285128524347
2016-08-16,0.0880091532306679
2016-08-17,0.0726919901930043
2016-08-18,0.0682890600034999
2016-08-19,0.0737499939633077
2016-08-20,0.0732857030111785
2016-08-21,0.0694210777821549
2016-08-22,0.0738793076589972
2016-08-23,0.1515884312133379
2016-08-24,0.241825467316414
2016-08-25,0.2448654527251253
2016-08-26,0.2069424775528484
2016-08-27,0.2426297045652944
2016-08-28,0.2731667447147312
2016-08-29,0.2177119156018946
2016-08-30,0.2046602535183733
2016-08-31,0.3777195208266636
2016-09-01,0.4495219267939296
2016-09-02,0.341254846567947
2016-09-03,0.2891693422360236
2016-09-04,0.2278730922031149
2016-09-05,0.2297581798207952
2016-09-06,0.2829320407513212
2016-09-07,0.3356160307059807
2016-09-08,0.404585927952999
2016-09-09,0.39913133866593
2016-09-10,0.2971174422777951
2016-09-11,0.2055830163105731
2016-09-12,0.1588770941855428
2016-09-13,0.1324737575552309
2016-09-14,0.1267346983558737
2016-09-15,0.1329340045784399
2016-09-16,0.1189406088310712
2016-09-17,0.1007923849135472
2016-09-18,0.0937932161117936
2016-09-19,0.0972896342644231
2016-09-20,0.0994743767035952
2016-09-21,0.0917915007458798
2016-09-22,0.0909837864713563
2016-09-23,0.0872938501368234
2016-09-24,0.0753192238596427
2016-09-25,0.0698249991986593
2016-09-26,0.0636690157698238
2016-09-27,0.0610603820241374
2016-09-28,0.0741164997635341
2016-09-29,0.0998504487842436
2016-09-30,0.1266276368880623
2016-10-01,0.1212709420559254
2016-10-02,0.1102886366402523
2016-10-03,0.1122357004914561
2016-10-04,0.1005076236209034
2016-10-05,0.093903180905928
2016-10-06,0.1275064216346918
2016-10-07,0.1396812701073032
2016-10-08,0.1067881000853951
2016-10-09,0.0877239462308523
2016-10-10,0.0820156929293465
2016-10-11,0.0814003287667876
2016-10-12,0.0738146172556887
2016-10-13,0.1615848499214788
2016-10-14,2.2043023040690843
2016-10-15,3.870556419162576
2016-10-16,2.939319272477913
2016-10-17,1.8666268428828032
2016-10-18,1.0261154100051504
2016-10-19,0.4911503451724935
2016-10-20,0.2854809398250926
2016-10-21,0.339796330729518
2016-10-22,1.114366075641702
2016-10-23,2.2313883706409685
2016-10-24,2.151270869799757
2016-10-25,1.3197671335568226
2016-10-26,0.805860172332501
2016-10-27,0.4301385381508683
2016-10-28,0.2543902956890778
2016-10-29,0.1955286310344439
2016-10-30,0.2725072275084876
2016-10-31,2.350737512287078
2016-11-01,6.327289196347781
2016-11-02,7.283258447103328
2016-11-03,5.774196838561398
2016-11-04,5.395956763472964
2016-11-05,4.171895186911842
2016-11-06,2.359373510661336
2016-11-07,1.4808479339739735
2016-11-08,0.8758868599729287
2016-11-09,0.5940691828620003
2016-11-10,0.4997449726332843
2016-11-11,0.3990873484441155
2016-11-12,0.2577382469138755
2016-11-13,0.2117777315227353
2016-11-14,0.1857523305047728
2016-11-15,0.1301428299597582
2016-11-16,0.1207094801443049
2016-11-17,0.1319057196222316
2016-11-18,0.1350022132813106
2016-11-19,0.1438454759676796
2016-11-20,0.1544595811030018
2016-11-21,0.1437957459209781
2016-11-22,0.1308625281114254
2016-11-23,0.1144540844775381
2016-11-24,0.1038967370640057
2016-11-25,0.091246876314654
2016-11-26,0.0968465152524589
2016-11-27,0.1007634827573197
2016-11-28,0.0910422049762227
2016-11-29,0.0824019123521174
2016-11-30,0.0759982927160659
2016-12-01,0.5291544959668968
2016-12-02,9.977236394596732
2016-12-03,21.210170456926228
2016-12-04,18.50028243409425
2016-12-05,11.206138141498714
2016-12-06,6.299785099490376
2016-12-07,2.6906135606042705
2016-12-08,1.218616586685186
2016-12-09,0.8500179109504836
2016-12-10,0.8429861752261638
2016-12-11,0.841478914767309
2016-12-12,0.8271752598224154
2016-12-13,0.427594527131226
2016-12-14,0.0890766694793839
2016-12-15,0.0759108570885732
2016-12-16,0.0713700592502375
2016-12-17,0.0675767477350356
2016-12-18,0.0664056399649394
2016-12-19,0.069352795669973
2016-12-20,0.0723028136419013
2016-12-21,0.0689759604502979
2016-12-22,0.0644589742486045
2016-12-23,0.0612422676452932
2016-12-24,0.0595592051566921
2016-12-25,0.0589610768925652
2016-12-26,0.0700458533319827
2016-12-27,0.0758247110102929
2016-12-28,0.0673116595718451
2016-12-29,0.0619426302043235
2016-12-30,0.0567391215857395
2016-12-31,0.0538365380137263
2017-01-01,0.0525143910134169
2017-01-02,0.0519231525213335
2017-01-03,0.0514129089898928
2017-01-04,0.0508685479053441
2017-01-05,0.0503814746339611
2017-01-06,0.0493728800804826
2017-01-07,0.0489149825060691
2017-01-08,0.0497406380516834
2017-01-09,0.0498691721845749
2017-01-10,0.0486900674537175
2017-01-11,0.0479455079598896
2017-01-12,0.0472450474245687
2017-01-13,0.0485837181546081
2017-01-14,0.0490085481646004
2017-01-15,0.0475377416818995
2017-01-16,0.046757414045952
2017-01-17,0.0459400386295691
2017-01-18,0.045459544494418
2017-01-19,0.045110521232361
2017-01-20,0.0449343434380549
2017-01-21,0.0469603300230378
2017-01-22,0.0841095295114261
2017-01-23,0.1087903220397017
2017-01-24,0.1011421815086958
2017-01-25,0.1298052668088504
2017-01-26,0.2556698490544668
2017-01-27,0.2982039625288698
2017-01-28,0.3310465609273836
2017-01-29,1.1016892575371748
2017-01-30,3.898489148133021
2017-01-31,4.488056917926504
2017-02-01,2.574888712027484
2017-02-02,1.6421867943128896
2017-02-03,0.736381851760967
2017-02-04,0.349284068713004
2017-02-05,0.2264725967346835
2017-02-06,0.2175679383101546
2017-02-07,0.2153038619765849
2017-02-08,0.2097654502917004
2017-02-09,0.1790325561036511
2017-02-10,0.0629333103877159
2017-02-11,0.0605556373412156
2017-02-12,0.0595526022343086
2017-02-13,0.057771119730095
2017-02-14,0.0563914450729258
2017-02-15,0.0551818756622234
2017-02-16,0.0550278555175264
2017-02-17,0.0545957916857995
2017-02-18,0.053372348152741
2017-02-19,0.052414988686382
2017-02-20,0.0515941940107237
2017-02-21,0.0545411299770246
2017-02-22,0.0564727101762887
2017-02-23,0.0539194636169974
2017-02-24,0.0515874865991748
2017-02-25,0.0504524001238104
2017-02-26,0.0520138423208835
2017-02-27,0.0537001490706454
2017-02-28,0.0573063694787075
2017-03-01,0.060354301161024
2017-03-02,0.0579669131706549
2017-03-03,0.0660783119383799
2017-03-04,0.3501989180791413
2017-03-05,2.9994431028212043
2017-03-06,7.348252038892595
2017-03-07,14.738811712550952
2017-03-08,19.49737454273708
2017-03-09,17.080347421880496
2017-03-10,19.481219894790964
2017-03-11,29.5695078557931
2017-03-12,36.35533328472162
2017-03-13,29.07692554182624
2017-03-14,16.9913871587116
2017-03-15,9.579882815902309
2017-03-16,4.572914126598792
2017-03-17,2.538888822000371
2017-03-18,1.7191836993275291
2017-03-19,1.4843719854049162
2017-03-20,1.3765879169649515
2017-03-21,1.0532297764339258
2017-03-22,0.5181368157301088
2017-03-23,0.0879128937904814
2017-03-24,0.0723778201557403
2017-03-25,0.0686769133083426
2017-03-26,0.0643747455040345
2017-03-27,0.0613161332733666
2017-03-28,0.0593501183723081
2017-03-29,0.0587530502909329
2017-03-30,0.0593398294459506
2017-03-31,0.0589981209918106
2017-04-01,0.0568783665660089
2017-04-02,0.054611606644849
2017-04-03,0.0528581178924111
2017-04-04,0.0534368462846583
2017-04-05,0.0539777272287107
2017-04-06,0.0526960101730424
2017-04-07,0.0628299757001381
2017-04-08,0.066455646667236
2017-04-09,0.0577035058955023
2017-04-10,0.0534503995771379
2017-04-11,0.0502512800011614
2017-04-12,0.0572758875255859
2017-04-13,0.0818856095817555
2017-04-14,0.1071506698438885
2017-04-15,0.0994705080559581
2017-04-16,0.0769908565361208
2017-04-17,0.0713839466815117
2017-04-18,0.0643797618334806
2017-04-19,0.0577243267067645
2017-04-20,0.0565850578330982
2017-04-21,0.0589506732829774
2017-04-22,0.0589148646477666
2017-04-23,0.0537023566520376
2017-04-24,0.0586194024186416
2017-04-25,0.0610264771305504
2017-04-26,0.0618161521576926
2017-04-27,0.1357082737562943
2017-04-28,0.1737266713227602
2017-04-29,0.1370044890376265
2017-04-30,0.1127404788714258
2017-05-01,0.0973827746039124
2017-05-02,0.482097981543317
2017-05-03,0.9818422519187956
2017-05-04,1.916671520902905
2017-05-05,2.1041909118585456
2017-05-06,1.2979088128423757
2017-05-07,1.109963174052213
2017-05-08,4.54299296031516
2017-05-09,7.603930655409231
2017-05-10,9.48585426187312
2017-05-11,15.041759103744594
2017-05-12,20.200316426726904
2017-05-13,28.21671313553968
2017-05-14,33.37305987554409
2017-05-15,25.50091249842041
2017-05-16,14.782581487711555
2017-05-17,8.09059191666839
2017-05-18,3.921808128271215
2017-05-19,2.7835264874953536
2017-05-20,2.669272011020835
2017-05-21,2.9575005854806617
2017-05-22,7.902874412556084
2017-05-23,9.23643907706126
2017-05-24,5.1951536762429456
2017-05-25,3.252566407064559
2017-05-26,2.005101607745418
2017-05-27,1.3926008334284592
2017-05-28,0.8503660071189698
2017-05-29,0.6699940403660672
2017-05-30,0.4793597226166242
2017-05-31,0.3979824902029236
2017-06-01,0.3373852389896937
2017-06-02,0.1060614954547445
2017-06-03,0.1054481635922948
2017-06-04,0.1170263019084771
2017-06-05,0.1171480946496034
2017-06-06,0.1111483423448786
2017-06-07,0.1395976490422698
2017-06-08,0.7979798288422311
2017-06-09,1.0932623875730665
2017-06-10,0.6762709338999081
2017-06-11,0.6516269348667818
2017-06-12,1.819990202171485
2017-06-13,2.237036531062445
2017-06-14,1.3992830684686814
2017-06-15,1.0432589728624129
2017-06-16,0.6076662786722345
2017-06-17,0.5314835198207457
2017-06-18,1.1829435636863637
2017-06-19,1.3470812272025434
2017-06-20,0.8373532464366888
2017-06-21,0.5865071745340197
2017-06-22,0.3462409251263468
2017-06-23,0.1822243099013859
2017-06-24,0.2996162199660396
2017-06-25,2.5354058186708395
2017-06-26,5.170817158524654
2017-06-27,7.329497139837016
2017-06-28,12.05407335401572
2017-06-29,14.125409057983784
2017-06-30,10.364676330106995
2017-07-01,5.993153771452574
2017-07-02,3.181848366436311
2017-07-03,1.4885041892638242
2017-07-04,0.881029969606367
2017-07-05,0.7493990950001282
2017-07-06,0.6380996202626097
2017-07-07,0.5679932150345076
2017-07-08,0.4891431139679526
2017-07-09,0.2680557149540907
2017-07-10,0.1326690579994845
2017-07-11,0.1429497857802225
2017-07-12,0.2180766459358141
2017-07-13,0.2648856192967838
2017-07-14,0.2620582985060749
2017-07-15,0.2477411123558424
2017-07-16,0.1794583310468278
2017-07-17,0.1347862132219001
2017-07-18,0.1295916705665817
2017-07-19,0.1753320810881702
2017-07-20,0.2087798875288978
2017-07-21,0.1808744758207537
2017-07-22,0.1352718992509486
2017-07-23,0.1025180348073624
2017-07-24,0.0833707523177556
2017-07-25,0.0725823836069845
2017-07-26,0.0753548164373109
2017-07-27,0.0800447092711449
2017-07-28,0.0883501798151321
2017-07-29,0.1155387151454125
2017-07-30,0.2649148386016977
2017-07-31,0.4831971962369019
2017-08-01,2.185345624825151
2017-08-02,6.328071251028228
2017-08-03,8.96109644911611
2017-08-04,7.23624460899986
2017-08-05,4.402933106139711
2017-08-06,4.013869850741478
2017-08-07,3.689560371755271
2017-08-08,2.5904403810335777
2017-08-09,6.740274184289451
2017-08-10,11.911204128815706
2017-08-11,13.389856331998027
2017-08-12,11.927818500772862
2017-08-13,8.599916651374542
2017-08-14,9.850613394026029
2017-08-15,9.77650894166505
2017-08-16,10.32913163622709
2017-08-17,12.315151285334078
2017-08-18,9.087611420915508
2017-08-19,7.802324885098653
2017-08-20,8.765050167429388
2017-08-21,7.841225974853466
2017-08-22,8.259714370326432
2017-08-23,7.530489893308238
2017-08-24,4.286334382674395
2017-08-25,2.597718133524633
2017-08-26,1.3976875019224573
2017-08-27,0.7676940435098882
2017-08-28,0.6626776721907576
2017-08-29,2.4076574584617165
2017-08-30,4.470015376880547
2017-08-31,3.9366021517189766
2017-09-01,3.38319154088916
2017-09-02,14.690624339357264
2017-09-03,24.9362364830812
2017-09-04,20.300882349638748
2017-09-05,15.711907785243811
2017-09-06,13.767613321676642
2017-09-07,11.134879362360156
2017-09-08,12.20964749895922
2017-09-09,16.937499774117896
2017-09-10,19.4829776064348
2017-09-11,15.926216394432553
2017-09-12,9.629858992637832
2017-09-13,5.251427463117576
2017-09-14,2.531037050208724
2017-09-15,2.761501383383761
2017-09-16,2.964212725943001
2017-09-17,4.262229893200422
2017-09-18,15.552516642592098
2017-09-19,24.68927812454875
2017-09-20,19.60627790817852
2017-09-21,11.700276098089216
2017-09-22,6.291032871785922
2017-09-23,2.7147651494898595
2017-09-24,1.309894411048263
2017-09-25,1.0045987603666051
2017-09-26,0.982996772246256
2017-09-27,1.023857787081012
2017-09-28,0.9598847712695242
2017-09-29,0.5164357660971248
2017-09-30,0.2250879669124577
2017-10-01,0.1635496157664162
2017-10-02,0.1400371157473079
2017-10-03,0.1198872302658794
2017-10-04,0.1009093708698952
2017-10-05,0.2594791273070181
2017-10-06,2.277614317961822
2017-10-07,3.262742320885632
2017-10-08,2.0793017625542016
2017-10-09,1.381019339282739
2017-10-10,0.6948033644787183
2017-10-11,0.7615524478710134
2017-10-12,9.94289202354431
2017-10-13,22.83078973888
2017-10-14,29.37057804125952
2017-10-15,29.58672195025287
2017-10-16,21.08233676956204
2017-10-17,11.660745892944602
2017-10-18,6.502778381568456
2017-10-19,5.453821022693044
2017-10-20,4.941604798106027
2017-10-21,3.344878082343291
2017-10-22,2.682436000656204
2017-10-23,1.6515157427451383
2017-10-24,0.9395173467080504
2017-10-25,0.4905635238253736
2017-10-26,0.2858403485739555
2017-10-27,0.2663187502145511
2017-10-28,0.4965091187443685
2017-10-29,4.947363566963571
2017-10-30,7.693026584592102
2017-10-31,5.57670823827273
2017-11-01,8.384334265457202
2017-11-02,11.359005733889113
2017-11-03,11.46891845334187
2017-11-04,9.625351545249218
2017-11-05,6.000511677610749
2017-11-06,7.029685358062224
2017-11-07,8.929355783828493
2017-11-08,9.092510377030743
2017-11-09,7.537536257515719
2017-11-10,4.752470064118218
2017-11-11,3.032455789192908
2017-11-12,1.5816093903777215
2017-11-13,0.9013721185502084
2017-11-14,0.5612481080988911
2017-11-15,0.4767502260566097
2017-11-16,0.4462963349303667
2017-11-17,0.2925983085264252
2017-11-18,0.1945429062992766
2017-11-19,0.0973124264945734
2017-11-20,0.0830751482212271
2017-11-21,0.0772549929700836
2017-11-22,0.098493289984798
2017-11-23,0.10524576751252
2017-11-24,0.0862200147005308
2017-11-25,0.0778210795891561
2017-11-26,0.0731002052930194
2017-11-27,0.0986353635349141
2017-11-28,0.1366526267284893
2017-11-29,0.1317186826002695
2017-11-30,0.5385584104198935
2017-12-01,10.508649119468291
2017-12-02,20.71945977327868
2017-12-03,18.612357286399693
2017-12-04,12.69586976413934
2017-12-05,6.98555434488444
2017-12-06,3.2800344282588867
2017-12-07,1.4770456213826155
2017-12-08,0.9619124160890672
2017-12-09,0.8870973581159937
2017-12-10,0.8921858643733619
2017-12-11,0.8881429378696758
2017-12-12,0.4461995762641677
2017-12-13,0.1638823044552813
2017-12-14,0.0993895402794886
2017-12-15,0.1125149734128143
2017-12-16,0.1108100163381127
2017-12-17,0.1009262219423764
2017-12-18,0.0882030494424787
2017-12-19,0.0742544687866776
2017-12-20,0.066980037295438
2017-12-21,0.0658882772949944
2017-12-22,0.0657423690774575
2017-12-23,0.0636027251814914
2017-12-24,0.0633886022458685
2017-12-25,0.0610585320845229
2017-12-26,0.6077488052911314
2017-12-27,13.253655809217056
2017-12-28,22.69295595699776
2017-12-29,16.50040684204692
2017-12-30,10.3330609951842
2017-12-31,5.273512395063509
2018-01-01,2.235540665302823
2018-01-02,1.062814301400458
2018-01-03,0.8386022827360659
2018-01-04,0.8244932777974502
2018-01-05,0.8182370187500184
2018-01-06,0.8149155602009369
2018-01-07,0.2720816009455892
2018-01-08,0.0728369194971405
2018-01-09,0.098942701283334
2018-01-10,0.1228618770986544
2018-01-11,0.1136800927361069
2018-01-12,0.1124115033707078
2018-01-13,0.1071399354935278
2018-01-14,0.1098157982478562
2018-01-15,0.1033268358824738
2018-01-16,0.0853579864481136
2018-01-17,0.0843278382433726
2018-01-18,0.1329288194805858
2018-01-19,0.1482396970277207
2018-01-20,0.1118370451589882
2018-01-21,0.0950460615934291
2018-01-22,0.075338863292048
2018-01-23,0.0723795350239946
2018-01-24,0.0824893615716966
2018-01-25,0.1005337442132501
2018-01-26,0.0979548632618751
2018-01-27,0.0797660644174531
2018-01-28,0.0690344735334333
2018-01-29,0.0608711779138745
2018-01-30,0.0669333728305928
2018-01-31,0.0714697889200237
2018-02-01,0.0664313488303307
2018-02-02,0.0603326971057738
2018-02-03,0.055478097349185
2018-02-04,0.0519162188581771
2018-02-05,0.0496191018611909
2018-02-06,0.0495354032079968
2018-02-07,0.3913203997676571
2018-02-08,8.320976537919123
2018-02-09,21.22999952725591
2018-02-10,47.44765276584294
2018-02-11,60.7413443208741
2018-02-12,43.010988433338895
2018-02-13,27.57746515669552
2018-02-14,15.864420199422288
2018-02-15,7.69899277435392
2018-02-16,4.359803235087612
2018-02-17,3.146220081224064
2018-02-18,2.7434110269252607
2018-02-19,2.256839009041106
2018-02-20,1.840012178189668
2018-02-21,0.6451973030919078
2018-02-22,0.1937573159773141
2018-02-23,0.169026293893156
2018-02-24,0.0886940148644819
2018-02-25,0.0721289079913985
2018-02-26,0.0661666520059658
2018-02-27,0.0638962700769061
2018-02-28,0.064367501488235
2018-03-01,0.0697985611744578
2018-03-02,0.0790679298279448
2018-03-03,0.081645831865919
2018-03-04,0.0743433760407089
2018-03-05,0.0673991625934337
2018-03-06,0.0666293294641529
2018-03-07,0.0643056801478646
2018-03-08,0.061258693681901
2018-03-09,0.0631653918677063
2018-03-10,0.0703113127290373
2018-03-11,0.0838950149538091
2018-03-12,0.082018656853722
2018-03-13,0.0832470691439236
2018-03-14,0.1551758090250693
2018-03-15,0.2116692386383079
2018-03-16,0.9525174695815154
2018-03-17,3.7956755471737047
2018-03-18,10.019898329752154
2018-03-19,10.831826547545132
2018-03-20,6.403132331431407
2018-03-21,3.9406529049991743
2018-03-22,1.7539422240891174
2018-03-23,0.8040826473908241
2018-03-24,0.5475133952439215
2018-03-25,0.5415315066221268
2018-03-26,0.5067737917223631
2018-03-27,0.4619571285697446
2018-03-28,0.3437876497795467
2018-03-29,0.0853817711837512
2018-03-30,0.0697500600789162
2018-03-31,0.0666120666647163
2018-04-01,0.0756581167696855
2018-04-02,0.2086773762952308
2018-04-03,1.240642769668649
2018-04-04,1.62135866314578
2018-04-05,0.9635956969005588
2018-04-06,0.6415685784360294
2018-04-07,0.3112881524577084
2018-04-08,0.1662189299667074
2018-04-09,0.1309842262742828
2018-04-10,0.1355562083235457
2018-04-11,0.1727458343585535
2018-04-12,0.2195295309692171
2018-04-13,0.2133412295229005
2018-04-14,0.1469611565559489
2018-04-15,0.1131557828109189
2018-04-16,0.0950745721276626
2018-04-17,0.3662452937290641
2018-04-18,1.7733201843926087
2018-04-19,2.20372483011316
2018-04-20,1.3101466376995463
2018-04-21,0.8566767619384533
2018-04-22,0.4075459502669724
2018-04-23,0.2037247042539107
2018-04-24,0.1351667956099387
2018-04-25,0.1300367137082995
2018-04-26,0.1287658425713692
2018-04-27,0.1306202794675197
2018-04-28,0.121427760471443
2018-04-29,0.0613048385326037
2018-04-30,0.0562444769558057
2018-05-01,0.0569842262668337
2018-05-02,0.0569939952958802
2018-05-03,0.0744437807841276
2018-05-04,0.1262941513631226
2018-05-05,0.1383857029985987
2018-05-06,0.1504501412530724
2018-05-07,0.2160169843900418
2018-05-08,0.3233238459976239
2018-05-09,0.5684289122008731
2018-05-10,4.7856253541314135
2018-05-11,10.269001547860611
2018-05-12,10.341324955495834
2018-05-13,7.578263330832479
2018-05-14,4.840809423782943
2018-05-15,2.692921737595358
2018-05-16,2.162670241312312
2018-05-17,4.050993378742713
2018-05-18,5.92520820499725
2018-05-19,6.525587063806863
2018-05-20,5.359418714600301
2018-05-21,3.012049904689839
2018-05-22,1.596894141952309
2018-05-23,0.742418938412619
2018-05-24,0.4451437316534481
2018-05-25,0.5569779077494983
2018-05-26,1.9011205003526075
2018-05-27,2.3410066203700874
2018-05-28,1.649141567678748
2018-05-29,6.065207999140212
2018-05-30,9.605218295349069
2018-05-31,7.236759635813097
2018-06-01,4.519348647921783
2018-06-02,2.414106481613416
2018-06-03,1.0926935530871609
2018-06-04,0.6819001899943272
2018-06-05,1.7899774365511778
2018-06-06,2.2294757630123625
2018-06-07,1.464988625078702
2018-06-08,1.147593304604701
2018-06-09,0.5817292248010698
2018-06-10,0.2886685616285133
2018-06-11,0.2268626983971781
2018-06-12,0.2148622754723803
2018-06-13,0.2152347561273238
2018-06-14,0.3683477176781649
2018-06-15,1.356964211736455
2018-06-16,1.646390291497489
2018-06-17,1.0349634534247982
2018-06-18,0.730905874759359
2018-06-19,0.4119399433763951
2018-06-20,0.2623056107685612
2018-06-21,0.240381129156941
2018-06-22,0.590407457752628
2018-06-23,0.7012640513396973
2018-06-24,0.4527000426318123
2018-06-25,0.3251216797819691
2018-06-26,0.1629195880078069
2018-06-27,0.1061632843256446
2018-06-28,0.0845952152573061
2018-06-29,0.0916314890395261
2018-06-30,0.1014806357907786
2018-07-01,0.2521072617927786
2018-07-02,1.7944276527603191
2018-07-03,4.060712173702664
2018-07-04,5.226762130171919
2018-07-05,4.282960713522816
2018-07-06,2.4398388358293026
2018-07-07,1.3394706639770118
2018-07-08,0.6245187783225533
2018-07-09,0.4761899800703994
2018-07-10,1.92591848073635
2018-07-11,3.046598666743905
2018-07-12,3.867570322695885
2018-07-13,3.801771343144242
2018-07-14,2.2083254087798707
2018-07-15,1.6637630735678473
2018-07-16,8.00719945354087
2018-07-17,17.145710860008432
2018-07-18,20.22670617070432
2018-07-19,19.457873702162804
2018-07-20,16.595217450756554
2018-07-21,11.980210869112357
2018-07-22,6.956817077657031
2018-07-23,3.8333261932818448
2018-07-24,2.157270742451081
2018-07-25,1.5578368451427054
2018-07-26,2.358679589335493
2018-07-27,2.417140982898369
2018-07-28,1.472145719484691
2018-07-29,1.093598112111098
2018-07-30,2.023837928117682
2018-07-31,2.364101985199208
2018-08-01,1.7269346886290189
2018-08-02,1.986296803078684
2018-08-03,1.6289847808153686
2018-08-04,0.948284265192728
2018-08-05,0.6052318821673293
2018-08-06,0.3335325903711086
2018-08-07,0.3126614402500368
2018-08-08,2.920532177167293
2018-08-09,25.631167587688413
2018-08-10,43.911845879036456
2018-08-11,41.20525708036529
2018-08-12,35.59694865668292
2018-08-13,24.74990423912413
2018-08-14,15.244237359009436
2018-08-15,18.08935112548125
2018-08-16,39.857804446565815
2018-08-17,62.74070315878053
2018-08-18,64.86172221496929
2018-08-19,49.76369929188021
2018-08-20,30.533459484133708
2018-08-21,15.6708428069918
2018-08-22,7.60075313705682
2018-08-23,4.098689907710502
2018-08-24,3.102427397734236
2018-08-25,2.998769275129992
2018-08-26,2.67693949960389
2018-08-27,1.8316347805889523
2018-08-28,2.994554312454042
2018-08-29,4.921527304077618
2018-08-30,4.188611527835046
2018-08-31,2.986405714977087
2018-09-01,7.506328798457113
2018-09-02,14.259906322417702
2018-09-03,12.69632085151205
2018-09-04,7.658730607031204
2018-09-05,4.459031045394471
2018-09-06,2.033066957723607
2018-09-07,1.0230953814606991
2018-09-08,0.669022831979346
2018-09-09,0.5840979998447372
2018-09-10,0.5683539461801252
2018-09-11,0.5925835253257218
2018-09-12,0.3894961803452772
2018-09-13,0.1341267365087477
2018-09-14,0.1420094566319863
2018-09-15,0.7579125437239395
2018-09-16,2.283534903441546
2018-09-17,2.502192847240304
2018-09-18,1.5248106431399282
2018-09-19,0.9578031120643284
2018-09-20,0.4935268422203379
2018-09-21,0.2887417465195848
2018-09-22,0.1989715725383455
2018-09-23,0.6158151593176596
2018-09-24,10.800848936333626
2018-09-25,21.121210222074183
2018-09-26,19.258629174191668
2018-09-27,18.516516567429893
2018-09-28,18.980220483003897
2018-09-29,22.25188269564507
2018-09-30,28.7766984368565
2018-10-01,28.93318441259025
2018-10-02,23.082462965705325
2018-10-03,20.36478364737184
2018-10-04,21.594573750397903
2018-10-05,22.851145927316576
2018-10-06,24.10757810574368
2018-10-07,18.90250645383898
2018-10-08,13.146616456863084
2018-10-09,13.565386548330006
2018-10-10,12.539886865509391
2018-10-11,8.811074529948131
2018-10-12,6.533448330237309
2018-10-13,4.564151110175631
2018-10-14,2.589407274851
2018-10-15,1.9034310531271577
2018-10-16,6.588442705330785
2018-10-17,11.421169198404964
2018-10-18,10.757994305034366
2018-10-19,11.659993202834496
2018-10-20,14.998309054103464
2018-10-21,16.185402647103924
2018-10-22,16.327569331329865
2018-10-23,13.093972578288536
2018-10-24,7.326347287044123
2018-10-25,4.239048759473424
2018-10-26,2.217885629396623
2018-10-27,1.2390504425697215
2018-10-28,0.8878758590321412
2018-10-29,0.8128365486209357
2018-10-30,0.64738060561941
2018-10-31,0.4127409137106371
2018-11-01,0.2952297902864505
2018-11-02,0.1365547605904041
2018-11-03,0.184690937491052
2018-11-04,1.50687162040685
2018-11-05,2.9041774990139726
2018-11-06,2.4457566151094894
2018-11-07,1.5501765943457428
2018-11-08,0.9075046952733138
2018-11-09,0.4516667467263588
2018-11-10,0.2628784149932475
2018-11-11,0.1996148868447357
2018-11-12,0.1830945746750901
2018-11-13,0.174405942927808
2018-11-14,0.1693244297989748
2018-11-15,0.1094157386829456
2018-11-16,0.9766529603395852
2018-11-17,22.304110882905658
2018-11-18,40.268184652702494
2018-11-19,30.70998699150018
2018-11-20,18.99246219576416
2018-11-21,9.936038355480663
2018-11-22,4.174915008743311
2018-11-23,1.935768626222796
2018-11-24,1.507300784876613
2018-11-25,1.5056695702517
2018-11-26,1.4880947927849524
2018-11-27,1.463077747609448
2018-11-28,0.5398219789251509
2018-11-29,0.1008894343937649
2018-11-30,0.0913241376990196
2018-12-01,0.0933733282411082
2018-12-02,0.0983930336216575
2018-12-03,0.098228140657218
2018-12-04,0.0845453776065861
2018-12-05,0.0753714514522495
2018-12-06,0.0739375508825807
2018-12-07,0.0772500916070364
2018-12-08,0.0735960989790744
2018-12-09,0.0697086410268093
2018-12-10,0.0665320506174745
2018-12-11,0.0656129877045037
2018-12-12,0.0647841014898152
2018-12-13,0.0606430392716604
2018-12-14,0.0597086711028861
2018-12-15,0.0586966165138727
2018-12-16,0.067012889085485
2018-12-17,0.0934809028101873
2018-12-18,0.1013552241566057
2018-12-19,0.089233109864994
2018-12-20,0.0778746780003262
2018-12-21,0.0645940804385163
2018-12-22,0.0590545009668615
2018-12-23,0.0614048448579852
2018-12-24,0.063348486051892
2018-12-25,0.0642393422703977
2018-12-26,0.0653080806742302
2018-12-27,0.0659573698353375
2018-12-28,0.0630188354775415
2018-12-29,0.0562762753591443
2018-12-30,0.0526560998425437
2018-12-31,0.0511217305333819
2019-01-01,0.050385208210238
2019-01-02,0.0490219796946379
2019-01-03,0.0481530180622327
2019-01-04,0.0474198849825062
2019-01-05,0.0467643746101131
2019-01-06,0.0463187608839282
2019-01-07,0.0457891715657855
2019-01-08,0.0455079343047509
2019-01-09,0.0452483447069109
2019-01-10,0.0450040266678264
2019-01-11,0.0447271541655884
2019-01-12,0.0445125450297024
2019-01-13,0.0445665211876115
2019-01-14,0.0516969448049164
2019-01-15,0.0875508977313083
2019-01-16,0.1020717426095234
2019-01-17,0.080873325343113
2019-01-18,0.0668093991259106
2019-01-19,0.0542111452638795
2019-01-20,0.0479110089788526
2019-01-21,0.0483160440969495
2019-01-22,0.05231007420191
2019-01-23,0.0649647652390229
2019-01-24,0.085356325665037
2019-01-25,0.0840585237907673
2019-01-26,0.0867091839849288
2019-01-27,0.0861938536150929
2019-01-28,0.0832726429379547
2019-01-29,0.0858923825510345
2019-01-30,0.069550512957118
2019-01-31,0.0595520217389451
2019-02-01,0.0610087955249467
2019-02-02,0.062036094771711
2019-02-03,0.0558352897384331
2019-02-04,0.0521541774997623
2019-02-05,0.0525779912181158
2019-02-06,0.0860790211549593
2019-02-07,0.1150308043558276
2019-02-08,0.1237145480489805
2019-02-09,0.3595716953271768
2019-02-10,5.207710810361943
2019-02-11,11.562174438834356
2019-02-12,12.342345567568458
2019-02-13,9.024798990900107
2019-02-14,5.080319998484835
2019-02-15,2.557982257456892
2019-02-16,1.1345765484153087
2019-02-17,0.6614964150963597
2019-02-18,0.5732327322052422
2019-02-19,0.5741750489129694
2019-02-20,0.5666582455995396
2019-02-21,0.3575861774809155
2019-02-22,0.1580412202225201
2019-02-23,0.0638650725570608
2019-02-24,0.061856254476414
2019-02-25,0.0606945917906347
2019-02-26,0.05870556180584
2019-02-27,0.0571897618354354
2019-02-28,0.0566054771114699
2019-03-01,0.0589415657354768
2019-03-02,0.0598150914772815
2019-03-03,0.0593966820291779
2019-03-04,0.0588554264532397
2019-03-05,0.0580591892799738
2019-03-06,0.0588101727337121
2019-03-07,0.0564619925328677
2019-03-08,0.0549355355170947
2019-03-09,0.0756333061146811
2019-03-10,0.5640745117069257
2019-03-11,0.8261017539942218
2019-03-12,0.546865001744685
2019-03-13,0.3855693783994533
2019-03-14,0.2202602336139656
2019-03-15,0.1330333290341456
2019-03-16,0.0992516185454796
2019-03-17,0.0929116565973265
2019-03-18,0.090199917530523
2019-03-19,0.0904064860977033
2019-03-20,0.0914388619887978
2019-03-21,0.0679307298433393
2019-03-22,0.0638354075449751
2019-03-23,0.0619950741376414
2019-03-24,0.0608891228661553
2019-03-25,0.0604236029628663
2019-03-26,0.0577261630542924
2019-03-27,0.0554977772746815
2019-03-28,0.0533749306491874
2019-03-29,0.0584063390994333
2019-03-30,0.0620719642881428
2019-03-31,0.0585930048875312
2019-04-01,0.0629913916389345
2019-04-02,0.0765489392911432
2019-04-03,0.0768352738678063
2019-04-04,0.0898815279998875
2019-04-05,0.1009064542346542
2019-04-06,0.0840818087340554
2019-04-07,0.0845578809103789
2019-04-08,0.0885904570401497
2019-04-09,0.23177977786083
2019-04-10,0.5446509131411243
2019-04-11,0.6534097550588478
2019-04-12,0.4973790066208391
2019-04-13,0.3250053145309074
2019-04-14,0.203511323786016
2019-04-15,0.1364893407451169
2019-04-16,0.6303526802702415
2019-04-17,12.667732644167248
2019-04-18,23.939524613059888
2019-04-19,23.23457268600261
2019-04-20,30.285369074691904
2019-04-21,53.39750908714287
2019-04-22,59.06240986222864
2019-04-23,44.21164086892098
2019-04-24,36.60727450218696
2019-04-25,26.355801648956287
2019-04-26,17.420268828123213
2019-04-27,12.068794348315068
2019-04-28,6.921536834811261
2019-04-29,4.495157735430764
2019-04-30,3.219199590204273
2019-05-01,2.419571437698172
2019-05-02,1.181505166967728
2019-05-03,0.800275042380762
2019-05-04,0.5664788243935781
2019-05-05,0.2527356692614025
2019-05-06,0.1694671243375457
2019-05-07,0.0770491470488387
2019-05-08,0.0698941792380596
2019-05-09,0.0656630281038482
2019-05-10,0.0635351045508554
2019-05-11,0.0783828926296794
2019-05-12,0.0832115912494857
2019-05-13,0.0696851805190698
2019-05-14,0.0623849121702904
2019-05-15,0.0550235686300591
2019-05-16,0.053484260579612
2019-05-17,0.058655001792353
2019-05-18,0.1436540234997648
2019-05-19,0.2085873145633473
2019-05-20,0.166821615261022
2019-05-21,0.1221332809441543
2019-05-22,0.0852881310519123
2019-05-23,0.0662519947352967
2019-05-24,0.1081419376018562
2019-05-25,0.1320329945049371
2019-05-26,0.1053844249182141
2019-05-27,0.0908155583486771
2019-05-28,0.0943740340041809
2019-05-29,0.0937460518545989
2019-05-30,0.0940253043878272
2019-05-31,0.1257295972518097
2019-06-01,0.1454535591266148
2019-06-02,0.1262782588159123
2019-06-03,0.0929406196347751
2019-06-04,0.0710016834054352
2019-06-05,0.0819408820849203
2019-06-06,0.2859156940404531
2019-06-07,0.3665311409727903
2019-06-08,0.241961005621411
2019-06-09,0.1837178511310377
2019-06-10,0.1256525924180779
2019-06-11,0.1163917372246414
2019-06-12,0.108685778789094
2019-06-13,0.0960912987132625
2019-06-14,0.1985546010197326
2019-06-15,1.3666005848498444
2019-06-16,1.827621181843704
2019-06-17,1.0732771385054434
2019-06-18,0.7169388080163309
2019-06-19,0.3442005858642936
2019-06-20,0.1726073794183155
2019-06-21,0.1171817698935612
2019-06-22,0.1522032281894514
2019-06-23,0.295249314752457
2019-06-24,0.4318215726057909
2019-06-25,0.4072780077656043
2019-06-26,0.3478728929793897
2019-06-27,0.3213376768638816
2019-06-28,0.2234053093547687
2019-06-29,0.164667165901602
2019-06-30,0.1251690669644555
2019-07-01,0.1037358005294289
2019-07-02,0.0895068329675087
2019-07-03,0.0917083522890229
2019-07-04,0.0862329096263177
2019-07-05,0.0713403605411039
2019-07-06,0.066695080050213
2019-07-07,0.096455279500242
2019-07-08,0.1097952543753577
2019-07-09,0.0934629309569018
2019-07-10,0.150856472716425
2019-07-11,0.1664189564927253
2019-07-12,0.1443483775070301
2019-07-13,0.2040132801090138
2019-07-14,0.2405745394516573
2019-07-15,0.2098176781674756
2019-07-16,0.1601816269743444
2019-07-17,0.114245281427961
2019-07-18,0.114749708679028
2019-07-19,0.8973447464905794
2019-07-20,2.8765262678195547
2019-07-21,3.218028660263976
2019-07-22,2.0288753422880084
2019-07-23,1.7822060336346863
2019-07-24,1.439132693310823
2019-07-25,0.8744157318108459
2019-07-26,0.6224497597578585
2019-07-27,0.4723969044345329
2019-07-28,0.352849895988326
2019-07-29,0.2903629398123441
2019-07-30,0.2289881037329671
2019-07-31,0.1385679329526141
2019-08-01,0.1201647611348102
2019-08-02,0.1116348923209291
2019-08-03,0.1001008801474269
2019-08-04,0.1058954618877078
2019-08-05,0.1270166579796753
2019-08-06,0.8757460006492118
2019-08-07,5.449663967969208
2019-08-08,12.608606727829086
2019-08-09,53.7113897262306
2019-08-10,78.30139815985578
2019-08-11,59.19685938445851
2019-08-12,44.46938902220061
2019-08-13,25.644441109719665
2019-08-14,12.701232748426364
2019-08-15,6.603277788206697
2019-08-16,4.233947196317904
2019-08-17,3.736314119619042
2019-08-18,7.989467727117941
2019-08-19,16.221738910124863
2019-08-20,20.429626876703537
2019-08-21,17.195375947862814
2019-08-22,9.936298474037208
2019-08-23,5.462146345612125
2019-08-24,2.472208169100536
2019-08-25,1.2973965809019383
2019-08-26,0.9657795402798386
2019-08-27,0.9335112075384848
2019-08-28,1.0146695903684613
2019-08-29,2.291271742814589
2019-08-30,3.652023361154142
2019-08-31,2.942356141051275
2019-09-01,1.8536534001425813
2019-09-02,1.3226631541332066
2019-09-03,5.274720505023917
2019-09-04,6.985679646932415
2019-09-05,4.139204831209539
2019-09-06,2.852732640691947
2019-09-07,1.386010735745005
2019-09-08,0.7053264230222184
2019-09-09,0.3846980605222092
2019-09-10,0.3142718334973503
2019-09-11,0.3239181175071894
2019-09-12,0.4764030501856509
2019-09-13,0.822423234162894
2019-09-14,0.9154765871299346
2019-09-15,4.02807969763563
2019-09-16,7.994822074766631
2019-09-17,8.4571260337418
2019-09-18,6.361576962023049
2019-09-19,3.658085035324044
2019-09-20,1.9342569936427647
2019-09-21,0.92986574196266
2019-09-22,0.767259099571653
2019-09-23,2.8049430030995373
2019-09-24,8.96456951040066
2019-09-25,15.753868000613728
2019-09-26,14.348189076705276
2019-09-27,8.582761314372297
2019-09-28,5.270798933199735
2019-09-29,6.970275961768743
2019-09-30,7.773623495316393
2019-10-01,8.946785935830873
2019-10-02,11.460383104368589
2019-10-03,8.27684379741367
2019-10-04,5.106354167814471
2019-10-05,2.773863216208999
2019-10-06,1.2690262660314329
2019-10-07,0.7790521517129948
2019-10-08,0.7676575317673665
2019-10-09,2.395277264992884
2019-10-10,3.215599301326152
2019-10-11,2.366271463442005
2019-10-12,3.330604494226542
2019-10-13,8.136462462074231
2019-10-14,12.169177967365924
2019-10-15,10.045632198919357
2019-10-16,6.211260802497894
2019-10-17,8.153521012093432
2019-10-18,8.950552812719895
2019-10-19,5.692996325926455
2019-10-20,4.002102558435852
2019-10-21,7.549489364971358
2019-10-22,12.940305629624175
2019-10-23,11.33620483878363
2019-10-24,11.768764356917297
2019-10-25,12.294376828750456
2019-10-26,8.57857877448616
2019-10-27,5.830276173647679
2019-10-28,3.169009309788582
2019-10-29,1.8223340244095767
2019-10-30,1.2247936123630272
2019-10-31,1.2819661136643736
2019-11-01,1.6413179881399742
2019-11-02,1.663191537654738
2019-11-03,1.299615208696073
2019-11-04,0.8127670392566049
2019-11-05,0.5375372964220194
2019-11-06,0.425521592346591
2019-11-07,0.3854546045551929
2019-11-08,0.3380783787705597
2019-11-09,0.389452272242319
2019-11-10,0.7790760794487099
2019-11-11,1.338231241247191
2019-11-12,1.3465307561919175
2019-11-13,1.3354688422084309
2019-11-14,1.2859945107938642
2019-11-15,0.8549224596430011
2019-11-16,0.6493424166013629
2019-11-17,0.869896060039383
2019-11-18,1.0853360801767458
2019-11-19,0.9001975074198014
2019-11-20,0.6446447791098744
2019-11-21,0.591459844876329
2019-11-22,2.3520503889180167
2019-11-23,3.092814875901075
2019-11-24,1.8784725530328263
2019-11-25,1.2711257450284457
2019-11-26,0.646961487966963
2019-11-27,0.3407753460709571
2019-11-28,0.2174783489032791
2019-11-29,0.2084475363768489
2019-11-30,0.3963191699368824
2019-12-01,4.7860708347684175
2019-12-02,9.594461206560164
2019-12-03,8.268938441652447
2019-12-04,5.251023891414132
2019-12-05,2.990664710350122
2019-12-06,1.4208100905682826
2019-12-07,0.7623601151395709
2019-12-08,0.6156231003028821
2019-12-09,0.6162572334379696
2019-12-10,0.6060195096032649
2019-12-11,0.5419242669533861
2019-12-12,0.3036052963217859
2019-12-13,0.1619312167801188
2019-12-14,0.1558841379626661
2019-12-15,0.1581033858957501
2019-12-16,0.1567678917496071
2019-12-17,0.1697345959297481
2019-12-18,0.1715736533799561
2019-12-19,0.2084048144666116
2019-12-20,0.3075617006994636
2019-12-21,0.7894531476558168
2019-12-22,6.155267465675952
2019-12-23,11.899289050885589
2019-12-24,10.143676534922696
2019-12-25,6.205312367399144
2019-12-26,3.455542387549122
2019-12-27,1.5101291848223606
2019-12-28,0.7126893497573655
2019-12-29,0.512312906797727
2019-12-30,0.4966081201048499
2019-12-31,0.4917024359067678
2020-01-01,0.4799507575105776
2020-01-02,0.2562610974574466
2020-01-03,0.0814011728919967
2020-01-04,0.0717482718013507
2020-01-05,0.0693999058419899
2020-01-06,0.079251104998313
2020-01-07,0.0828451936196149
2020-01-08,0.0723899049365345
2020-01-09,0.0674630091547015
2020-01-10,0.0624420142249398
2020-01-11,0.064680685816055
2020-01-12,0.0653578982199889
2020-01-13,0.0639433196508705
2020-01-14,0.0628797323646757
2020-01-15,0.0595787972999629
2020-01-16,0.0577352301087018
2020-01-17,0.054751793160281
2020-01-18,0.0533797510260522
2020-01-19,0.0523123964665325
2020-01-20,0.051615929456144
2020-01-21,0.0511037314959233
2020-01-22,0.050446141817455
2020-01-23,0.0499968924912837
2020-01-24,0.0494463101954491
2020-01-25,0.0490260338176229
2020-01-26,0.0486505218442081
2020-01-27,0.0498657087510184
2020-01-28,0.0501703493197615
2020-01-29,0.0487464709317514
2020-01-30,0.0478984852869299
2020-01-31,0.0470347186632753
2020-02-01,0.0464743268453029
2020-02-02,0.0460911588459648
2020-02-03,0.0457999263042761
2020-02-04,0.045969507972242
2020-02-05,0.0558993016700874
2020-02-06,0.0600902661013734
2020-02-07,0.0533983101707445
2020-02-08,0.0516052254048095
2020-02-09,0.0487595108397949
2020-02-10,0.0480523128770673
2020-02-11,0.0897220902760224
2020-02-12,0.1152421188265651
2020-02-13,0.0913748061660306
2020-02-14,0.0754267375475008
2020-02-15,0.0604188904731886
2020-02-16,0.050525641082239
2020-02-17,0.0468332069186322
2020-02-18,0.0458281499888495
2020-02-19,0.0455979994346561
2020-02-20,0.0498193240566216
2020-02-21,0.0659915242003465
2020-02-22,0.0712269594975861
2020-02-23,0.0635145940922364
2020-02-24,0.0597417185623459
2020-02-25,0.0555115936306698
2020-02-26,0.0522266219052848
2020-02-27,0.0521853546314778
2020-02-28,0.0524758110083902
2020-02-29,0.056955675239509
2020-03-01,0.0725453865137051
2020-03-02,0.0734535868009983
2020-03-03,0.0646888951531687
2020-03-04,0.0597814431343283
2020-03-05,0.0524230870214555
2020-03-06,0.0491494165497082
2020-03-07,0.0488874709901978
2020-03-08,0.0725722835539965
2020-03-09,0.108137724904528
2020-03-10,0.3181633413250734
2020-03-11,0.4019095385053164
2020-03-12,0.2815715533065107
2020-03-13,0.2263104856172932
2020-03-14,0.1458871656601663
2020-03-15,0.1043602855484065
2020-03-16,0.0825536807411409
2020-03-17,0.0766898920604551
2020-03-18,0.0721575266959875
2020-03-19,0.0716154000938356
2020-03-20,0.1972839187561717
2020-03-21,1.5119309603118083
2020-03-22,6.920700326834034
2020-03-23,11.692685314181311
2020-03-24,9.816861836165552
2020-03-25,7.430270483653133
2020-03-26,5.446926295201248
2020-03-27,2.7007977061327666
2020-03-28,1.5444313241291647
2020-03-29,0.8935780281759006
2020-03-30,0.6612548299161792
2020-03-31,0.5944588651519909
2020-04-01,0.5418768475614
2020-04-02,0.3196866149609066
2020-04-03,0.1578978234261437
2020-04-04,0.141517600078808
2020-04-05,0.0917312793073649
2020-04-06,0.5906935513529231
2020-04-07,2.098100949158491
2020-04-08,2.701823033677474
2020-04-09,6.9667238398473685
2020-04-10,12.76319400233779
2020-04-11,10.974316411945887
2020-04-12,6.678531989506416
2020-04-13,3.819094315880727
2020-04-14,1.7536245373826242
2020-04-15,0.8764079494231074
2020-04-16,0.6484118740386183
2020-04-17,0.6308513569360197
2020-04-18,0.5766636183778704
2020-04-19,0.5453588229893856
2020-04-20,0.4115443994990757
2020-04-21,0.4586603000141838
2020-04-22,0.4901682263046231
2020-04-23,0.3334651311465006
2020-04-24,0.2330427769142943
2020-04-25,0.2389713845567739
2020-04-26,0.5034411536820861
2020-04-27,2.908794929036334
2020-04-28,5.057662131773549
2020-04-29,8.073687183762097
2020-04-30,10.301531177139346
2020-05-01,7.625088805269701
2020-05-02,5.615458540817268
2020-05-03,5.139448095220218
2020-05-04,3.8342357304074848
2020-05-05,2.269214017695253
2020-05-06,1.4747857331107173
2020-05-07,0.9255941908996652
2020-05-08,0.665120600561664
2020-05-09,0.5794222371175564
2020-05-10,0.3504493097987388
2020-05-11,0.3049418571635553
2020-05-12,0.3563275814139912
2020-05-13,0.354419187332219
2020-05-14,0.4384984642569843
2020-05-15,3.06213541277163
2020-05-16,7.197530608653177
2020-05-17,11.144250341488409
2020-05-18,10.41742735963059
2020-05-19,6.005837934947214
2020-05-20,3.476661431843885
2020-05-21,1.5606711887946387
2020-05-22,0.7713778557599205
2020-05-23,0.5429728737780126
2020-05-24,0.5247437081355183
2020-05-25,0.5270782962498027
2020-05-26,0.4395893056589112
2020-05-27,0.3206577440604564
2020-05-28,0.1740857575427357
2020-05-29,1.3972548827973603
2020-05-30,2.0362535544571663
2020-05-31,1.3379110683215316
2020-06-01,0.9275305591945888
2020-06-02,0.4770426909474797
2020-06-03,0.250972644527569
2020-06-04,0.159064927760411
2020-06-05,0.1515335704371286
2020-06-06,0.155428063143694
2020-06-07,0.153461434050224
2020-06-08,0.1789671226662774
2020-06-09,0.135291315829768
2020-06-10,0.1039862519975736
2020-06-11,0.0938229623932302
2020-06-12,0.0937660560079935
2020-06-13,0.0846088798349944
2020-06-14,0.0726163694867539
2020-06-15,0.0680514153957479
2020-06-16,0.0622314493011424
2020-06-17,0.0606945784817166
2020-06-18,0.0617190148952492
2020-06-19,0.0579730364056502
2020-06-20,0.0552816288349926
2020-06-21,0.0591856847071268
2020-06-22,0.1251584540933684
2020-06-23,0.1514422528530807
2020-06-24,0.11555786186468
2020-06-25,0.2074641474983906
2020-06-26,0.4811656606825808
2020-06-27,0.5662952434427925
2020-06-28,0.4021514238440751
2020-06-29,0.3754722958487436
2020-06-30,2.1228987143341964
2020-07-01,5.888023314388566
2020-07-02,6.052149656829315
2020-07-03,3.569399785373214
2020-07-04,2.4673958682004904
2020-07-05,3.540626442482727
2020-07-06,3.870696417654144
2020-07-07,2.266520859010777
2020-07-08,1.5777580386707295
2020-07-09,0.9911147054095948
2020-07-10,1.9742894943462013
2020-07-11,4.491004588431816
2020-07-12,4.487735889832066
2020-07-13,2.6777559167781706
2020-07-14,1.7703214331269934
2020-07-15,1.0833505623304844
2020-07-16,0.69383604399509
2020-07-17,1.1609853269772772
2020-07-18,1.5341433718712516
2020-07-19,1.1481594404950877
2020-07-20,1.1805355783046554
2020-07-21,8.499743030061037
2020-07-22,16.467859061669262
2020-07-23,14.172320955438048
2020-07-24,13.534509207073723
2020-07-25,13.907003454103696
2020-07-26,9.314179044458028
2020-07-27,5.435650300191072
2020-07-28,3.034997084626923
2020-07-29,1.642478772153991
2020-07-30,1.1457226115730252
2020-07-31,1.133188595327919
2020-08-01,2.882695291156434
2020-08-02,5.257201777924122
2020-08-03,8.796587744290319
2020-08-04,9.68308098796073
2020-08-05,7.480643322781434
2020-08-06,5.881607368145847
2020-08-07,9.969674125753755
2020-08-08,17.633106631961923
2020-08-09,20.465119722436583
2020-08-10,25.244337738646767
2020-08-11,24.55859961346756
2020-08-12,15.9445072369995
2020-08-13,9.200630809969482
2020-08-14,4.629700363453581
2020-08-15,2.345777439920963
2020-08-16,1.5030385217394338
2020-08-17,1.373171240186148
2020-08-18,1.0897443846206425
2020-08-19,0.8033814882788877
2020-08-20,0.578361802345938
2020-08-21,0.2006735925896761
2020-08-22,0.0904031169592473
2020-08-23,0.1559439946801916
2020-08-24,0.1839272482680648
2020-08-25,0.1655059157236059
2020-08-26,0.2260621471522717
2020-08-27,0.3520385022227034
2020-08-28,0.4577574654862286
2020-08-29,0.3923338710485259
2020-08-30,0.2667647385726219
2020-08-31,0.213129523430169
2020-09-01,0.7090542000089027
2020-09-02,3.3765241127282337
2020-09-03,8.501234591659912
2020-09-04,10.30279631722961
2020-09-05,13.16063918603226
2020-09-06,16.728457362233137
2020-09-07,12.849161656165183
2020-09-08,7.628915317438506
2020-09-09,4.213666160793258
2020-09-10,2.0820096120189016
2020-09-11,1.2181079198357865
2020-09-12,0.9653014414667754
2020-09-13,0.8714823896301158
2020-09-14,0.7531088879572829
2020-09-15,0.7121414697382401
2020-09-16,0.4006824817425807
2020-09-17,0.1677599729903701
2020-09-18,0.1536764617091086
2020-09-19,0.254299477614211
2020-09-20,2.333591896458408
2020-09-21,3.454180035723105
2020-09-22,2.259556582511065
2020-09-23,1.522584129103904
2020-09-24,0.7609770240548112
2020-09-25,0.5702599106764248
2020-09-26,4.923899859420359
2020-09-27,7.517893880158311
2020-09-28,5.003243693031207
2020-09-29,3.312452347576203
2020-09-30,1.6970652685515946
2020-10-01,0.7390080920726126
2020-10-02,0.3922284983974695
2020-10-03,0.3242438518615998
2020-10-04,0.3166083103453296
2020-10-05,0.311942322593733
2020-10-06,0.3041767784328857
2020-10-07,0.1144340735281001
2020-10-08,0.09986850190688
2020-10-09,0.1416193549694917
2020-10-10,0.2552591293293346
2020-10-11,0.4217644621163063
2020-10-12,0.4670371567631211
2020-10-13,0.3654344379835343
2020-10-14,0.2484633624217613
2020-10-15,0.161436524577882
2020-10-16,0.1077066566931416
2020-10-17,0.0869460385526495
2020-10-18,0.1150511120658221
2020-10-19,0.1289527581140576
2020-10-20,0.1203139776095821
2020-10-21,0.1144233527698259
2020-10-22,0.0881529484450816
2020-10-23,0.0748310736985683
2020-10-24,0.082658102512475
2020-10-25,0.0852146910260493
2020-10-26,0.08797653109025
2020-10-27,0.1364802535857462
2020-10-28,0.1449069363754962
2020-10-29,0.1591320488818659
2020-10-30,0.1651914013534824
2020-10-31,0.1179087865343356
2020-11-01,0.1060620762332765
2020-11-02,0.2778074814843525
2020-11-03,0.4150976172824285
2020-11-04,0.7325378454440865
2020-11-05,10.318237154096549
2020-11-06,18.90846225131795
2020-11-07,15.100862564823087
2020-11-08,9.809461171568408
2020-11-09,5.511717251633384
2020-11-10,2.554241732225687
2020-11-11,1.2469522304082246
2020-11-12,0.878878532026794
2020-11-13,0.8058744864986594
2020-11-14,1.1031642736023508
2020-11-15,4.83445005460053
2020-11-16,5.929144020195474
2020-11-17,5.505184186911475
2020-11-18,9.532486134027405
2020-11-19,11.826443707126463
2020-11-20,9.554575823203631
2020-11-21,5.853170825833578
2020-11-22,3.3839792306221588
2020-11-23,1.6775859849061676
2020-11-24,0.978288278075628
2020-11-25,0.7828087156063395
2020-11-26,0.590878698225348
2020-11-27,0.7469794430774559
2020-11-28,4.776501977513331
2020-11-29,8.697376782507424
2020-11-30,7.040141721935984
2020-12-01,4.358120279919861
2020-12-02,2.472490102956007
2020-12-03,3.0959604245332226
2020-12-04,9.578126831586143
2020-12-05,15.285143309848696
2020-12-06,13.215349259981856
2020-12-07,10.664466959197076
2020-12-08,12.50285063834746
2020-12-09,13.808760390468109
2020-12-10,11.726886232086832
2020-12-11,7.939552884673019
2020-12-12,4.620536776912759
2020-12-13,2.5525689314792706
2020-12-14,1.4713245479117991
2020-12-15,0.8829436561068436
2020-12-16,0.6111792582160005
2020-12-17,0.5886281488495902
2020-12-18,0.5102429141334954
2020-12-19,0.3249292130045949
2020-12-20,0.2084150224067866
2020-12-21,0.1668071674393456
2020-12-22,0.1397753692552319
2020-12-23,0.1410395295825917
2020-12-24,0.1415449020500115
2020-12-25,0.1233629017973858
2020-12-26,0.1045211948988101
2020-12-27,0.0904828563508938
2020-12-28,0.0963672024961647
2020-12-29,0.0949849895168303
2020-12-30,0.0812510179969152
2020-12-31,0.0739598773005978
2021-01-01,0.0930080242078685
2021-01-02,0.112389838717405
2021-01-03,0.0988228190798748
2021-01-04,0.0841843063756359
2021-01-05,0.0730606497726136
2021-01-06,0.3087830034788889
2021-01-07,5.788664623614872
2021-01-08,10.522122275270892
2021-01-09,8.448530228300175
2021-01-10,8.541699819092464
2021-01-11,7.835415357849066
2021-01-12,5.104706637022317
2021-01-13,4.190708418672243
2021-01-14,5.2077842642630605
2021-01-15,8.601942240390994
2021-01-16,8.097913945381416
2021-01-17,4.912983318466003
2021-01-18,2.885020982117391
2021-01-19,1.3251957959387783
2021-01-20,0.7135421682384645
2021-01-21,0.4087714665932312
2021-01-22,0.3888896476409607
2021-01-23,0.3652290105852881
2021-01-24,0.3329361837712793
2021-01-25,0.2303362498463496
2021-01-26,0.0688560714507954
2021-01-27,0.0619749417089298
2021-01-28,0.0602377068266699
2021-01-29,0.0590112996524044
2021-01-30,0.0578583594050065
2021-01-31,0.0567810809232872
2021-02-01,0.0557951738276251
2021-02-02,0.0544558246259316
2021-02-03,0.0535715846387276
2021-02-04,0.0527517991754964
2021-02-05,0.0519784250244983
2021-02-06,0.0512474828192242
2021-02-07,0.0505541349095328
2021-02-08,0.0499012812237252
2021-02-09,0.0492914396958367
2021-02-10,0.0487276348482955
2021-02-11,0.0482046685574976
2021-02-12,0.0477138755850927
2021-02-13,0.0472726198216611
2021-02-14,0.0474642172718325
2021-02-15,0.0472961647136046
2021-02-16,0.0464381500910811
2021-02-17,0.0458226644492487
2021-02-18,0.0452295998037023
2021-02-19,0.0448002736447433
2021-02-20,0.0444859045400448
2021-02-21,0.0442449754612093
2021-02-22,0.0440359362491283
2021-02-23,0.0438462864316935
2021-02-24,0.0437257968318662
2021-02-25,0.0459150422160483
2021-02-26,0.0723066890855817
2021-02-27,0.0915464770509681
2021-02-28,0.0787296375182269
2021-03-01,0.0653621650024948
2021-03-02,0.0619922248964963
2021-03-03,0.0585718666444142
2021-03-04,0.0510598653018986
2021-03-05,0.0485753298550213
2021-03-06,0.0537364133239245
2021-03-07,0.0706713509614089
2021-03-08,0.0732803021389502
2021-03-09,0.0620145717026432
2021-03-10,0.4674324033135471
2021-03-11,10.075711090040778
2021-03-12,16.641503687476355
2021-03-13,11.66689096022892
2021-03-14,7.381439298626055
2021-03-15,3.695040021451935
2021-03-16,1.5666526979706836
2021-03-17,0.7541678077775869
2021-03-18,0.6225273196017914
2021-03-19,0.6227064717977064
2021-03-20,0.64334653945715
2021-03-21,0.7309795976705236
2021-03-22,1.911785117645945
2021-03-23,5.094842661587795
2021-03-24,5.26778559592623
2021-03-25,3.1235254592453727
2021-03-26,1.917819559504087
2021-03-27,0.8896475535350208
2021-03-28,0.5228451456630246
2021-03-29,2.163301726822205
2021-03-30,5.353339342401024
2021-03-31,5.418286268026437
2021-04-01,3.389126610436125
2021-04-02,2.0654114457932824
2021-04-03,0.908904745317742
2021-04-04,0.431436670199574
2021-04-05,0.2959332175778316
2021-04-06,0.2792137966311794
2021-04-07,0.2747413822793378
2021-04-08,0.271582952596658
2021-04-09,0.1887902097064042
2021-04-10,0.0803864514223328
2021-04-11,0.0772880336335001
2021-04-12,0.1153464664077601
2021-04-13,0.6625336810237625
2021-04-14,2.642739657738558
2021-04-15,6.322890598919037
2021-04-16,13.27127953518553
2021-04-17,20.195556619597827
2021-04-18,17.452161583196066
2021-04-19,10.191239974709584
2021-04-20,5.75279456916294
2021-04-21,2.632220651335864
2021-04-22,1.3420272873203078
2021-04-23,0.9852823722152306
2021-04-24,0.9527784461385216
2021-04-25,0.8823698520142896
2021-04-26,0.8422741594350875
2021-04-27,2.123581617574872
2021-04-28,5.2630037582901865
2021-04-29,9.466580003526712
2021-04-30,9.076605455358322
2021-05-01,5.388022014824553
2021-05-02,4.833045340771401
2021-05-03,4.989436143582385
2021-05-04,3.988380554181816
2021-05-05,5.667997845275844
2021-05-06,7.054467781170224
2021-05-07,4.963513004609835
2021-05-08,3.155556258947352
2021-05-09,1.7575147766156018
2021-05-10,0.863315847767217
2021-05-11,0.5429527801433814
2021-05-12,0.4558718664662916
2021-05-13,0.3619383664291122
2021-05-14,0.5061074708272908
2021-05-15,5.262498670690247
2021-05-16,12.792589324772637
2021-05-17,16.496863781516584
2021-05-18,13.451719071598744
2021-05-19,7.723706925543803
2021-05-20,4.2006938167467
2021-05-21,1.970472709014342
2021-05-22,1.1230299434567772
2021-05-23,0.8717481743877425
2021-05-24,0.9361123336385264
2021-05-25,1.7977109288729058
2021-05-26,4.313194696015257
2021-05-27,7.660869406801962
2021-05-28,10.392325182686264
2021-05-29,8.953318122730527
2021-05-30,5.09053742480361
2021-05-31,2.866248356715588
2021-06-01,1.275325679953693
2021-06-02,0.6626260902222624
2021-06-03,0.5166403043463753
2021-06-04,0.8777649521967261
2021-06-05,2.6931271904787666
2021-06-06,7.285612426594437
2021-06-07,16.060056028411747
2021-06-08,16.398888595253617
2021-06-09,9.434537735501696
2021-06-10,5.677092282076293
2021-06-11,2.4593974066463296
2021-06-12,1.1181242082883704
2021-06-13,0.9089602661596548
2021-06-14,2.235690382136281
2021-06-15,2.726657956219813
2021-06-16,1.824834475623479
2021-06-17,1.21836943724457
2021-06-18,0.418506923185958
2021-06-19,0.2155042798414283
2021-06-20,0.1483712791860233
2021-06-21,0.1356056546354402
2021-06-22,0.1311107450971734
2021-06-23,0.1294506906130967
2021-06-24,0.1458824262694839
2021-06-25,0.1010992973429251
2021-06-26,0.0867095824029661
2021-06-27,0.0831006342330325
2021-06-28,0.0748040350740419
2021-06-29,0.0692691879138577
2021-06-30,0.0812547784741968
2021-07-01,0.1334234171045536
2021-07-02,0.1926033631194675
2021-07-03,0.1783402949945475
2021-07-04,0.1730848558270817
2021-07-05,1.0509224659383567
2021-07-06,3.016611607157304
2021-07-07,6.027862382107956
2021-07-08,10.637598462287432
2021-07-09,10.909677120546284
2021-07-10,11.923303237934478
2021-07-11,13.731462873805716
2021-07-12,14.173715701737033
2021-07-13,13.75796325170436
2021-07-14,10.54096875100967
2021-07-15,9.821314858574231
2021-07-16,9.073548057070887
2021-07-17,8.753441874219666
2021-07-18,7.383044042662392
2021-07-19,4.963641336560438
2021-07-20,3.9734694405717086
2021-07-21,2.850586082105112
2021-07-22,1.6803730139384483
2021-07-23,1.0188677951343563
2021-07-24,0.7333939571744916
2021-07-25,2.12398604727878
2021-07-26,2.721670665700361
2021-07-27,1.6538539469207847
2021-07-28,1.0761397820142682
2021-07-29,0.5434140276007949
2021-07-30,0.2880652683714936
2021-07-31,0.1610034988228625
2021-08-01,0.1466195964820871
2021-08-02,0.1392332293441619
2021-08-03,0.1346047260187816
2021-08-04,0.1316490231566495
2021-08-05,0.0630885354142527
2021-08-06,0.0589159718364843
2021-08-07,0.0937800445304115
2021-08-08,0.1313585568688407
2021-08-09,0.1497842779582476
2021-08-10,0.1775160739804023
2021-08-11,0.1677465785554022
2021-08-12,0.1302946929270507
2021-08-13,0.141396347339954
2021-08-14,0.2829120031840471
2021-08-15,0.4501501162228317
2021-08-16,0.9577452126072674
2021-08-17,1.1209525006300998
2021-08-18,1.0567531794090723
2021-08-19,3.5622106193063128
2021-08-20,8.430987743365746
2021-08-21,8.512427193555673
2021-08-22,6.432817590062682
2021-08-23,11.047663870036011
2021-08-24,14.604298052662616
2021-08-25,11.246905821174074
2021-08-26,6.964887492319419
2021-08-27,7.095820515221451
2021-08-28,11.549695091094067
2021-08-29,14.652988361375868
2021-08-30,14.213057514898551
2021-08-31,12.429089244587889
2021-09-01,8.85864836201787
2021-09-02,5.170538039363775
2021-09-03,7.505703137722646
2021-09-04,9.200383660528866
2021-09-05,6.397689408685301
2021-09-06,4.455584318777631
2021-09-07,2.8231956094279784
2021-09-08,1.6668938238157531
2021-09-09,0.980716682735708
2021-09-10,0.7079938190392938
2021-09-11,0.4890057121312545
2021-09-12,0.4157150321510472
2021-09-13,0.3846884186358056
2021-09-14,0.210680894594793
2021-09-15,0.1619974195862256
2021-09-16,0.1639077836710435
2021-09-17,0.1837083454486683
2021-09-18,0.3182046867533781
2021-09-19,1.023472912991642
2021-09-20,2.7734747741969072
2021-09-21,4.473526467690618
2021-09-22,3.9239572920079735
2021-09-23,2.354627751520056
2021-09-24,1.6042578785492805
2021-09-25,4.111828613233185
2021-09-26,8.361651734772181
2021-09-27,7.697933299523415
2021-09-28,4.746630478979337
2021-09-29,2.938710262049484
2021-09-30,1.7509678876089854
2021-10-01,8.214536879750916
2021-10-02,16.350659737879077
2021-10-03,14.66803168634462
2021-10-04,16.02631741135035
2021-10-05,20.759645003728096
2021-10-06,18.135903512246013
2021-10-07,13.754398585419764
2021-10-08,9.252089033843292
2021-10-09,5.02985555435649
2021-10-10,2.965789407983961
2021-10-11,1.9636006803071024
2021-10-12,2.83312914236547
2021-10-13,4.729986317699136
2021-10-14,4.509949606798156
2021-10-15,2.7923398541041653
2021-10-16,1.7419867635034916
2021-10-17,5.106983283204269
2021-10-18,10.138286734581564
2021-10-19,9.048934147519384
2021-10-20,5.781441958717971
2021-10-21,8.639559189451202
2021-10-22,13.246845352661934
2021-10-23,16.697798627035695
2021-10-24,16.88692384656291
2021-10-25,14.41274712707084
2021-10-26,12.891425201600166
2021-10-27,8.955440498730024
2021-10-28,6.052998680852916
2021-10-29,4.441290229263654
2021-10-30,2.9424926848875086
2021-10-31,2.719311070978492
2021-11-01,7.910759889890714
2021-11-02,14.003216624562086
2021-11-03,14.815964048738774
2021-11-04,13.49135730551466
2021-11-05,16.04134346304243
2021-11-06,28.907776272114088
2021-11-07,36.05570083353888
2021-11-08,31.22314687501347
2021-11-09,21.97848962598217
2021-11-10,12.77875062679211
2021-11-11,9.877018712269294
2021-11-12,7.358173469209681
2021-11-13,4.459709403781202
2021-11-14,3.1727396862618207
2021-11-15,2.2091893557818407
2021-11-16,1.561614420136524
2021-11-17,1.1978992848255496
2021-11-18,8.324981927610427
2021-11-19,17.95235730623158
2021-11-20,16.261654535873994
2021-11-21,9.838855616180991
2021-11-22,5.744314126555992
2021-11-23,7.093491143070383
2021-11-24,16.547394770235382
2021-11-25,22.360962361775936
2021-11-26,28.18271530606085
2021-11-27,31.48206338140032
2021-11-28,22.5785115792522
2021-11-29,13.050121562093889
2021-11-30,9.94792837300119
2021-12-01,11.889912918091182
2021-12-02,16.297150836262375
2021-12-03,15.247054517166928
2021-12-04,9.291078273942816
2021-12-05,5.598230202983457
2021-12-06,2.873456976456378
2021-12-07,1.4095403422545547
2021-12-08,0.8476730098405217
2021-12-09,0.7923486811824324
2021-12-10,0.7414798639838733
2021-12-11,0.5811558001542656
2021-12-12,0.3804223213975431
2021-12-13,0.1026891184008931
2021-12-14,0.0860461019708163
2021-12-15,0.0812877650524356
2021-12-16,0.0772068497994881
2021-12-17,0.0737784911886231
2021-12-18,0.072133424528495
2021-12-19,0.0689196413564681
2021-12-20,0.066248160067876
2021-12-21,0.0640483219175681
2021-12-22,0.0623026007594308
2021-12-23,0.061109807947902
2021-12-24,0.0623301660773114
2021-12-25,0.0623099934386771
2021-12-26,0.0599284990336741
2021-12-27,0.0583702671175454
2021-12-28,0.0567455016545371
2021-12-29,0.0555849730584801
2021-12-30,0.0555207617762229
2021-12-31,0.0551497462349433
2022-01-01,0.0541140620866138
2022-01-02,0.0567446578124965
2022-01-03,0.0575308963070868
2022-01-04,0.0570122913770638
2022-01-05,0.0565417316413458
2022-01-06,0.054346697160963
2022-01-07,0.0555377819002808
2022-01-08,0.0547547771896179
2022-01-09,0.0537307423089758
2022-01-10,0.0529663712163128
2022-01-11,0.0530061192912782
2022-01-12,0.052787081117353
2022-01-13,0.0501705888802872
2022-01-14,0.049689713317207
2022-01-15,0.0505510630979702
2022-01-16,0.057697962872702
2022-01-17,0.0593014417123151
2022-01-18,0.0533401176343171
2022-01-19,0.0503538147378115
2022-01-20,0.0481505774331897
2022-01-21,0.0470878005751561
2022-01-22,0.0459496286961426
2022-01-23,0.0469380777951598
2022-01-24,0.0495502018754074
2022-01-25,0.0692412918552041
2022-01-26,0.0783707537637074
2022-01-27,0.0666669815261034
2022-01-28,0.0596438051351262
2022-01-29,0.054125245542168
2022-01-30,0.0512068436130837
2022-01-31,0.0476916335512796
2022-02-01,0.0464952051397645
2022-02-02,0.0454657523967858
2022-02-03,0.044884826334043
2022-02-04,0.0452232605111644
2022-02-05,0.0603659538267329
2022-02-06,0.0669616605112404
2022-02-07,0.0564766292279135
2022-02-08,0.0534769556825914
2022-02-09,0.0521676461248694
2022-02-10,0.0669694108322643
2022-02-11,0.0939793552065373
2022-02-12,0.1477265334630173
2022-02-13,0.1694920499589489
2022-02-14,0.183301797927773
2022-02-15,0.1798821348542848
2022-02-16,0.1284750251546576
2022-02-17,0.2057627484355146
2022-02-18,0.7757983137945494
2022-02-19,0.957181240123992
2022-02-20,0.5783683378742256
2022-02-21,0.389956482020001
2022-02-22,0.2013338930399078
2022-02-23,0.1133426779654774
2022-02-24,0.086111082904975
2022-02-25,0.0823056192148831
2022-02-26,0.0810711035114791
2022-02-27,0.0803184255776163
2022-02-28,0.0751990783095064
2022-03-01,0.0499539746284651
2022-03-02,0.0473172522695655
2022-03-03,0.0464231217740413
2022-03-04,0.0457422029780036
2022-03-05,0.045339085193617
2022-03-06,0.0466307536388265
2022-03-07,0.0506514307463193
2022-03-08,0.0511988905434353
2022-03-09,0.0539197133715879
2022-03-10,0.054566558788799
2022-03-11,0.0494627798400013
2022-03-12,0.0490368596313995
2022-03-13,0.0494247871263814
2022-03-14,0.0491232857632966
2022-03-15,0.0494853831967821
2022-03-16,0.0555376737299252
2022-03-17,0.0560768296116584
2022-03-18,0.050567121015567
2022-03-19,0.0524091590970901
2022-03-20,0.0976260024443874
2022-03-21,0.1191725552397014
2022-03-22,0.0931711077257847
2022-03-23,0.0815407619219571
2022-03-24,0.0840785480491234
2022-03-25,0.093140457004255
2022-03-26,0.082093366323836
2022-03-27,0.0769824039572912
2022-03-28,0.1115539378533777
2022-03-29,0.1180731930153438
2022-03-30,0.0996237752556934
2022-03-31,0.0930306139725627
2022-04-01,0.0850499331329699
2022-04-02,0.0818538652635947
2022-04-03,0.1482530781537705
2022-04-04,0.1806293377257802
2022-04-05,0.1527451789439834
2022-04-06,0.1487159444853271
2022-04-07,0.1954299952444573
2022-04-08,0.3954328101505118
2022-04-09,4.620602896750503
2022-04-10,15.196915858363315
2022-04-11,23.93537834705476
2022-04-12,26.426476251541235
2022-04-13,29.74185636287931
2022-04-14,32.28659116113093
2022-04-15,25.376538903224844
2022-04-16,19.89621795570271
2022-04-17,15.547679049084312
2022-04-18,10.398388159431128
2022-04-19,10.677335182197217
2022-04-20,8.419979200975485
2022-04-21,5.165768293021401
2022-04-22,3.292249976252523
2022-04-23,2.8573008277173746
2022-04-24,5.065716972170088
2022-04-25,5.221103602952756
2022-04-26,3.213144853661886
2022-04-27,2.0305606732392225
2022-04-28,1.0694203839440433
2022-04-29,0.5475739932965016
2022-04-30,0.278483688073881
2022-05-01,0.253507851839479
2022-05-02,0.2566521307442075
2022-05-03,0.2607181190544274
2022-05-04,0.2882628916467066
2022-05-05,1.291449960913082
2022-05-06,1.7646230442823083
2022-05-07,1.0498529584489595
2022-05-08,0.7097098284625478
2022-05-09,0.3682002973409982
2022-05-10,0.2167043302608432
2022-05-11,0.1562154629121797
2022-05-12,0.1507005321231645
2022-05-13,0.1348597345171139
2022-05-14,0.1207135849544461
2022-05-15,0.1120715369689952
2022-05-16,0.0614763947343109
2022-05-17,0.0596474574420523
2022-05-18,0.0616260974093458
2022-05-19,0.1549875702361206
2022-05-20,0.1949856271763719
2022-05-21,0.1426271025660764
2022-05-22,0.1186636856416771
2022-05-23,0.0843465191505069
2022-05-24,0.0710544580795261
2022-05-25,0.0658169502722546
2022-05-26,0.0786507017586981
2022-05-27,0.1157089551800711
2022-05-28,0.1276300102302549
2022-05-29,0.1033829930039388
2022-05-30,0.0887094617045204
2022-05-31,0.0772978771358543
2022-06-01,0.0686653617337775
2022-06-02,0.0659769483865217
2022-06-03,0.0681506455563531
2022-06-04,0.0714296730092158
2022-06-05,0.0687739559925171
2022-06-06,0.2075815519777373
2022-06-07,0.3467050609021544
2022-06-08,0.2965685371888083
2022-06-09,0.2078715320652832
2022-06-10,0.1565181626442295
2022-06-11,0.1266235320779211
2022-06-12,0.0987908989140941
2022-06-13,0.0906759356216688
2022-06-14,0.0885874597018947
2022-06-15,0.1327616447446149
2022-06-16,0.5275415938469391
2022-06-17,2.045816581273456
2022-06-18,5.874583459198038
2022-06-19,6.962545604121978
2022-06-20,4.530825154525566
2022-06-21,2.8239636331107354
2022-06-22,1.4145003070166513
2022-06-23,0.715163010402321
2022-06-24,0.5480503619502132
2022-06-25,0.5618963373604152
2022-06-26,0.5016597380056315
2022-06-27,0.4277393564768922
2022-06-28,0.3124327364035566
2022-06-29,0.127747887317778
2022-06-30,0.0868089813319794
2022-07-01,0.139470320357555
2022-07-02,0.1619793126615799
2022-07-03,0.1181357367184811
2022-07-04,0.1078042056825403
2022-07-05,0.1069019601450028
2022-07-06,0.1563252654507808
2022-07-07,0.1671297968514825
2022-07-08,0.1316735033540495
2022-07-09,0.1698818409856319
2022-07-10,0.2252363191570592
2022-07-11,0.2060222264649775
2022-07-12,0.2134103758652529
2022-07-13,0.2178845183942668
2022-07-14,0.1550623606924169
2022-07-15,0.1344642996596554
2022-07-16,0.1142353300384198
2022-07-17,0.0873662373423149
2022-07-18,0.0996695015833974
2022-07-19,0.1310730596213434
2022-07-20,0.1876613175413211
2022-07-21,0.5825110217982081
2022-07-22,4.775183686701245
2022-07-23,11.184859899890116
2022-07-24,10.701036553037298
2022-07-25,6.403407571184246
2022-07-26,3.967101859503666
2022-07-27,4.635511829963391
2022-07-28,15.72977517768072
2022-07-29,27.97022486498428
2022-07-30,27.203611559425312
2022-07-31,26.76836448934288
2022-08-01,32.13710822482875
2022-08-02,28.480534799431258
2022-08-03,18.319309719768874
2022-08-04,10.970815713418665
2022-08-05,11.052078862919172
2022-08-06,13.992744714739322
2022-08-07,14.984879987631643
2022-08-08,12.44097577913623
2022-08-09,7.1680350445799546
2022-08-10,4.281997600922653
2022-08-11,2.0643755305794813
2022-08-12,0.9327515005136912
2022-08-13,0.6175627646787962
2022-08-14,0.601214177479266
2022-08-15,0.5949241619185254
2022-08-16,0.37725992424143
2022-08-17,0.2259700735084088
2022-08-18,0.0612588083651313
2022-08-19,0.1374128864981363
2022-08-20,0.2022057107095014
2022-08-21,0.1671616088469077
2022-08-22,0.1332747811251452
2022-08-23,0.1587302002585618
2022-08-24,0.2469666615983213
2022-08-25,0.3229895231435184
2022-08-26,0.8904900561887577
2022-08-27,2.961621536224572
2022-08-28,9.390888080406066
2022-08-29,17.54599395810924
2022-08-30,16.383311214550446
2022-08-31,16.088996780501695
2022-09-01,20.973160316448133
2022-09-02,20.78128878751462
2022-09-03,15.675237949765211
2022-09-04,9.134061838714215
2022-09-05,7.018547605899101
2022-09-06,10.580330470914634
2022-09-07,14.475512041416971
2022-09-08,13.59913292420748
2022-09-09,11.091202041705005
2022-09-10,7.649368292858136
2022-09-11,4.08573223179069
2022-09-12,2.100259842563879
2022-09-13,1.0518399884148508
2022-09-14,0.7549914089359512
2022-09-15,0.6812719439317311
2022-09-16,0.6042926463325556
2022-09-17,0.3771314337164829
2022-09-18,0.2124242190150003
2022-09-19,0.1418168023970848
2022-09-20,0.0872888677875938
2022-09-21,0.0718781795844902
2022-09-22,0.063662723483252
2022-09-23,0.0562463537964248
2022-09-24,0.053812037711365
2022-09-25,0.0545858233061501
2022-09-26,0.0533859586452515
2022-09-27,0.050920958141614
2022-09-28,0.0539483320761769
2022-09-29,0.0561732816064044
2022-09-30,0.052029204776718
2022-10-01,0.0495247529586716
2022-10-02,0.062271025209678
2022-10-03,0.078782526875548
2022-10-04,0.078661794034005
2022-10-05,0.0745703534090275
2022-10-06,0.092972235677619
2022-10-07,0.1065775283655544
2022-10-08,0.0955533244935547
2022-10-09,0.1668707642460229
2022-10-10,0.3772062638163651
2022-10-11,0.4381740806161758
2022-10-12,0.6714148296692382
2022-10-13,8.807413954502747
2022-10-14,18.34946894578524
2022-10-15,20.8237779049528
2022-10-16,25.98627922670212
2022-10-17,42.20892903316128
2022-10-18,52.98108011931852
2022-10-19,48.52441899580002
2022-10-20,35.61162216362985
2022-10-21,28.40123573475552
2022-10-22,28.98020510337069
2022-10-23,21.17312559312596
2022-10-24,12.795072060967051
2022-10-25,7.803901991892318
2022-10-26,4.482237239531064
2022-10-27,2.828782197697338
2022-10-28,1.663292645788636
2022-10-29,1.0966759325085913
2022-10-30,0.7328594738556818
2022-10-31,0.727953682053581
2022-11-01,0.694216274121552
2022-11-02,2.011459243936794
2022-11-03,2.621313202921077
2022-11-04,3.332652991572216
2022-11-05,4.789157597626193
2022-11-06,3.809716427441808
2022-11-07,2.29377457264364
2022-11-08,1.3191289482809294
2022-11-09,0.702160998795161
2022-11-10,0.44541772546502
2022-11-11,0.7618495567247916
2022-11-12,11.150455893557917
2022-11-13,30.500814973406698
2022-11-14,39.85225660990158
2022-11-15,31.83583056483531
2022-11-16,18.973047938926182
2022-11-17,10.23381809199789
2022-11-18,4.563543600540093
2022-11-19,2.33097521591431
2022-11-20,1.7389199640228503
2022-11-21,1.6603248986388013
2022-11-22,1.6331794233219112
2022-11-23,1.2002113497197302
2022-11-24,0.5348461907089509
2022-11-25,0.1128329645254125
2022-11-26,0.0834296301218803
2022-11-27,0.0688566992352934
2022-11-28,0.0633136699221686
2022-11-29,0.0601472534727924
2022-11-30,0.0579622816671596
2022-12-01,0.0562396262799146
2022-12-02,0.0578218148149422
2022-12-03,0.0594599076019911
2022-12-04,0.0812836265452465
2022-12-05,0.3662543126448335
2022-12-06,0.7102945402045662
2022-12-07,0.6521013581531045
2022-12-08,0.6341802684792315
2022-12-09,3.7935354448279854
2022-12-10,8.142258410951886
2022-12-11,11.773543192967557
2022-12-12,45.187196174825246
2022-12-13,63.74697431496264
2022-12-14,42.56667105240966
2022-12-15,26.471540531362447
2022-12-16,12.947950017323452
2022-12-17,5.558252789874175
2022-12-18,2.8243056241670086
2022-12-19,2.401171062735346
2022-12-20,2.2603030004395617
2022-12-21,2.130089619055503
2022-12-22,1.991158576342124
2022-12-23,0.4722112167103304
2022-12-24,0.0849174394553624
2022-12-25,0.0690905156884995
2022-12-26,0.0678950967725799
2022-12-27,0.0699621713857283
2022-12-28,0.0684635869256258
2022-12-29,0.0657936109606202
2022-12-30,0.0636110831820519
2022-12-31,0.0600114045319838
2023-01-01,0.0580383347716637
2023-01-02,0.056585314383732
2023-01-03,0.0555827215859752
2023-01-04,0.0548085610761358
2023-01-05,0.056044669885352
2023-01-06,0.0560948014649439
2023-01-07,0.0540318115569753
2023-01-08,0.0529761807384505
2023-01-09,0.0553165970261845
2023-01-10,0.0588440371342079
2023-01-11,0.0601423589057885
2023-01-12,0.0582123551053968
2023-01-13,0.0541197331015625
2023-01-14,0.0537902142005506
2023-01-15,0.0529305724919985
2023-01-16,0.0513221956873598
2023-01-17,0.0506625063146865
2023-01-18,0.0528698348373627
2023-01-19,0.0564168840787652
2023-01-20,0.0543839168246598
2023-01-21,0.0509215621399605
2023-01-22,0.0486999140709248
2023-01-23,0.0530040397020345
2023-01-24,0.0547310632460978
2023-01-25,0.0515222998015385
2023-01-26,0.0574180488579278
2023-01-27,0.0617878845820064
2023-01-28,0.0758626935298479
2023-01-29,0.0793368461456812
2023-01-30,0.0690181355622197
2023-01-31,0.0636830719695062
2023-02-01,0.05569489056348
2023-02-02,0.0777136400914372
2023-02-03,0.2859825302944272
2023-02-04,0.3727882665157404
2023-02-05,0.2481401930073522
2023-02-06,0.1847050882690034
2023-02-07,0.1191775375889311
2023-02-08,0.0931903487401528
2023-02-09,0.0833030574969804
2023-02-10,0.0768221357003037
2023-02-11,0.0739258240267326
2023-02-12,0.0707926778904021
2023-02-13,0.067614278034544
2023-02-14,0.0572058228678853
2023-02-15,0.0552335326703631
2023-02-16,0.053992019590897
2023-02-17,0.0529283142234502
2023-02-18,0.0521954645953622
2023-02-19,0.0569844692253809
2023-02-20,0.0587756131546225
2023-02-21,0.0543016054138002
2023-02-22,0.051876241416751
2023-02-23,0.0495150482088678
2023-02-24,0.0512976919869768
2023-02-25,0.0518969407487395
2023-02-26,0.0493862643213856
2023-02-27,0.0480197921109617
2023-02-28,0.0467119949560379
2023-03-01,0.0482426040710866
2023-03-02,0.051087305742484
2023-03-03,0.052184446793363
2023-03-04,0.0504243318987271
2023-03-05,0.0476567429482485
2023-03-06,0.0458085173524875
2023-03-07,0.0445558814155197
2023-03-08,0.0467422404634871
2023-03-09,0.0478846114477422
2023-03-10,0.0514416457757338
2023-03-11,0.063507127222851
2023-03-12,0.0958772230667741
2023-03-13,0.1013359967343243
2023-03-14,0.0759482186196735
2023-03-15,0.0701876431472919
2023-03-16,0.1192959818628996
2023-03-17,0.1415539487162911
2023-03-18,0.1326911346629111
2023-03-19,0.361942200530196
2023-03-20,0.4376812117357173
2023-03-21,0.2764101323007913
2023-03-22,0.2030515357788968
2023-03-23,0.1380051206105602
2023-03-24,0.5692443043052922
2023-03-25,4.739967383296002
2023-03-26,10.22260818850861
2023-03-27,9.409459769461556
2023-03-28,5.675834929118952
2023-03-29,3.316517599082064
2023-03-30,1.5015346649655883
2023-03-31,0.7022125779319717
2023-04-01,0.4882035524894385
2023-04-02,0.4680222488999265
2023-04-03,0.6062392766528318
2023-04-04,3.5900878189397907
2023-04-05,4.825015560784458
2023-04-06,2.8079554710458394
2023-04-07,2.091932347742632
2023-04-08,3.5055038961579
2023-04-09,3.976281841498902
2023-04-10,2.292330988278634
2023-04-11,1.553568859170748
2023-04-12,0.7916638354060527
2023-04-13,0.4478193112393065
2023-04-14,0.3300358675292055
2023-04-15,0.1907726367688155
2023-04-16,0.1769397998092846
2023-04-17,0.1741718631279248
2023-04-18,0.1687192330834998
2023-04-19,0.0658991603088019
2023-04-20,0.0625829941784248
2023-04-21,0.0625395094123292
2023-04-22,0.0653270920389691
2023-04-23,0.3752614684277745
2023-04-24,4.977356006751101
2023-04-25,13.530864177577342
2023-04-26,17.04258874700105
2023-04-27,18.68752206309659
2023-04-28,21.171093066482
2023-04-29,19.863130937607632
2023-04-30,14.404657711804113
2023-05-01,8.137412180805764
2023-05-02,4.900214459281986
2023-05-03,9.339640703775018
2023-05-04,18.970118447836647
2023-05-05,23.49048896581612
2023-05-06,19.275053426838067
2023-05-07,14.279769061478463
2023-05-08,10.509854624278775
2023-05-09,6.927660721094021
2023-05-10,7.674315774867299
2023-05-11,6.673757514250593
2023-05-12,4.321779712738176
2023-05-13,3.0116353460497587
2023-05-14,1.71260149071765
2023-05-15,0.9071950024127288
2023-05-16,0.4750903349607402
2023-05-17,0.4219118003346168
2023-05-18,0.3730761922160364
2023-05-19,0.4786054184462382
2023-05-20,0.446625014236865
2023-05-21,0.2761651154019229
2023-05-22,0.1966301266500546
2023-05-23,0.1770021274548793
2023-05-24,0.1560591442890117
2023-05-25,0.1465034342628183
2023-05-26,0.1946208294483566
2023-05-27,0.2085233666277672
2023-05-28,0.2567695757166454
2023-05-29,0.3047057796101162
2023-05-30,1.286539471346064
2023-05-31,2.789778263985905
2023-06-01,2.623010848869052
2023-06-02,1.6315520966000918
2023-06-03,0.9676805889714988
2023-06-04,0.4823968743584562
2023-06-05,0.2838605280773106
2023-06-06,0.2165989431681948
2023-06-07,0.1959079844713227
2023-06-08,0.1788359321299687
2023-06-09,0.1677366543500341
2023-06-10,0.1155309648243886
2023-06-11,0.0664316594661423
2023-06-12,0.0638102250897695
2023-06-13,0.0941186338838545
2023-06-14,0.1154694068306953
2023-06-15,0.0937563138799517
2023-06-16,0.0754986722497772
2023-06-17,0.0606388735802982
2023-06-18,0.0527991525892291
2023-06-19,0.0681364542853105
2023-06-20,0.0827056719837504
2023-06-21,0.1393394942590673
2023-06-22,0.1984222492095285
2023-06-23,0.2026466221400735
2023-06-24,0.1703635705848176
2023-06-25,0.1257057788191241
2023-06-26,0.102946226876599
2023-06-27,0.0819137893752161
2023-06-28,0.1105974324231242
2023-06-29,0.1210415070684557
2023-06-30,0.1444935834667614
2023-07-01,0.1540305519877679
2023-07-02,0.1140495216844491
2023-07-03,0.1356361028915139
2023-07-04,0.2868357027361137
2023-07-05,0.6040714209653681
2023-07-06,1.780448220050206
2023-07-07,2.636294522489952
2023-07-08,4.213968641352912
2023-07-09,4.554509648524836
2023-07-10,2.786810301628033
2023-07-11,5.151022691382009
2023-07-12,9.001113166009029
2023-07-13,8.28060806915277
2023-07-14,7.145503301105207
2023-07-15,5.814567431091276
2023-07-16,3.007001917008843
2023-07-17,1.7841992225148
2023-07-18,0.9878744227658084
2023-07-19,0.5870373367019772
2023-07-20,0.4769166300080052
2023-07-21,0.4618717929196254
2023-07-22,0.3237142022285729
2023-07-23,0.1762419622635012
2023-07-24,0.1648111836864332
2023-07-25,0.1038163497828997
2023-07-26,0.112011464193927
2023-07-27,0.1484460291492285
2023-07-28,0.1597153444983657
2023-07-29,0.1159663672123768
2023-07-30,0.0889564092460173
2023-07-31,0.0668416163354163
2023-08-01,0.0558682729186502
2023-08-02,0.0556118027046757
2023-08-03,0.0583735348816893
2023-08-04,0.0554351188883138
2023-08-05,0.0525900086048142
2023-08-06,0.0516139750273641
2023-08-07,0.076417046497029
2023-08-08,0.1041357992131185
2023-08-09,0.1910191252942225
2023-08-10,0.2804468741219242
2023-08-11,0.5138188703449892
2023-08-12,3.837796942036746
2023-08-13,6.20497100780856
2023-08-14,4.519813129163124
2023-08-15,2.883908781317772
2023-08-16,1.5656233749188644
2023-08-17,0.7302041747956448
2023-08-18,0.3827886413705756
2023-08-19,0.300341844833784
2023-08-20,0.2781189308389569
2023-08-21,0.2671917424669583
2023-08-22,0.2628066895524704
2023-08-23,0.2546669626110067
2023-08-24,0.3071914324397762
2023-08-25,0.2443043147582344
2023-08-26,0.1775944156524809
2023-08-27,0.1208967737169008
2023-08-28,0.0855938621024335
2023-08-29,0.0719511945744797
2023-08-30,0.1178778792621721
2023-08-31,0.2922610690370786
2023-09-01,0.6664053387417387
2023-09-02,3.1480006728802707
2023-09-03,6.71344756799652
2023-09-04,6.2249335637549965
2023-09-05,3.6955084104181615
2023-09-06,2.18168265943788
2023-09-07,0.9804211369718844
2023-09-08,0.6130083084924787
2023-09-09,1.5620494178767683
2023-09-10,1.955043320648648
2023-09-11,1.2565947596041511
2023-09-12,0.9058847167732909
2023-09-13,0.4551750823072166
2023-09-14,0.1932163506490577
2023-09-15,0.1462189227247651
2023-09-16,0.1336592655747004
2023-09-17,0.1312229511697478
2023-09-18,0.2219647653696252
2023-09-19,0.5359182353878391
2023-09-20,1.1467341120013428
2023-09-21,2.969689374053883
2023-09-22,3.2656124315470105
2023-09-23,1.9450335191154464
2023-09-24,1.301545854156218
2023-09-25,0.6229557818137484
2023-09-26,0.3294745426711244
2023-09-27,0.2216982389937755
2023-09-28,0.2288512690827144
2023-09-29,0.2357670733700685
2023-09-30,0.2196941673830229
2023-10-01,0.2110383602416147
2023-10-02,0.1351960825921169
2023-10-03,0.1112797489387299
2023-10-04,0.095826635869114
2023-10-05,0.0849109449865029
2023-10-06,0.0807087093174371
2023-10-07,0.0936654485159503
2023-10-08,0.3277944220197582
2023-10-09,0.93907716415312
2023-10-10,1.4150020617236985
2023-10-11,5.120980980280698
2023-10-12,7.842159269813739
2023-10-13,9.917300758018602
2023-10-14,10.890563616940293
2023-10-15,7.601315707856169
2023-10-16,11.208555182608094
2023-10-17,17.940658285844073
2023-10-18,17.42970892867499
2023-10-19,14.876465739088436
2023-10-20,11.192030688323316
2023-10-21,5.979325012685349
2023-10-22,3.290945107625916
2023-10-23,1.7704514895735797
2023-10-24,1.185558950150554
2023-10-25,2.8016343437653
2023-10-26,5.149955882488131
2023-10-27,4.491862249093752
2023-10-28,2.669890751117893
2023-10-29,2.0623583629933284
2023-10-30,9.41700994701086
2023-10-31,20.955322288581563
2023-11-01,19.538159524005952
2023-11-02,11.842498085117349
2023-11-03,7.096635842197122
2023-11-04,6.03739020825174
2023-11-05,15.125434140688329
2023-11-06,28.330115424998787
2023-11-07,32.37309006732489
2023-11-08,29.068024707308727
2023-11-09,20.98545905933825
2023-11-10,11.167136781788676
2023-11-11,5.64969576092064
2023-11-12,2.809224493375829
2023-11-13,1.8372751623725576
2023-11-14,1.6006506520436443
2023-11-15,1.4900429380565428
2023-11-16,1.0705686377532626
2023-11-17,0.5676519772063647
2023-11-18,0.2923922864743919
2023-11-19,0.0762484944296201
2023-11-20,0.0685987268125855
2023-11-21,0.0717812515835461
2023-11-22,0.2267089316882617
2023-11-23,1.603146889710713
2023-11-24,2.623786648357996
2023-11-25,2.071308267775005
2023-11-26,1.5693419687520664
2023-11-27,1.1373264172492716
2023-11-28,0.6966751930159593
2023-11-29,0.418977540688044
2023-11-30,0.2845677356677662
2023-12-01,0.2163921520305971
2023-12-02,0.1909726361106603
2023-12-03,0.184266566780318
2023-12-04,0.1297144354250655
2023-12-05,0.1294002857759313
2023-12-06,0.1304994721526691
2023-12-07,0.1025197697805781
2023-12-08,0.3300008707379981
2023-12-09,4.795150575125274
2023-12-10,11.462789809828813
2023-12-11,10.827732158003707
2023-12-12,6.488159780987859
2023-12-13,3.773018954720535
2023-12-14,1.6386265567831653
2023-12-15,0.743564221784588
2023-12-16,0.4966899444659411
2023-12-17,1.0328689412027492
2023-12-18,13.807656854623673
2023-12-19,25.66551283656309
2023-12-20,20.89549119780256
2023-12-21,13.251826399316622
2023-12-22,7.11021614894877
2023-12-23,3.131469269284824
2023-12-24,1.4213416572518514
2023-12-25,0.9983684791946112
2023-12-26,0.9559148116171876
2023-12-27,0.9525473891620556
2023-12-28,0.9508334327102091
2023-12-29,0.4070853257801928
2023-12-30,0.1037460217785221
2023-12-31,0.0664473696528579
2024-01-01,0.0646210383600287
2024-01-02,0.0638475798248266
2024-01-03,0.0620992458712165
2024-01-04,0.0875588035118222
2024-01-05,0.7600627948276233
2024-01-06,2.322420447247356
2024-01-07,2.5620178895407903
2024-01-08,1.596716663282052
2024-01-09,1.0115927440705048
2024-01-10,0.735872318416049
2024-01-11,2.7995625161693827
2024-01-12,3.570042719384349
2024-01-13,2.073972047730718
2024-01-14,1.4104554917792702
2024-01-15,0.6902724565823658
2024-01-16,0.3459207805175343
2024-01-17,0.1818892581716386
2024-01-18,0.1724641448774723
2024-01-19,0.170873331314017
2024-01-20,0.1687128462186589
2024-01-21,0.1617710632063617
2024-01-22,0.0624567253932932
2024-01-23,0.0591563504358141
2024-01-24,0.0579979552310102
2024-01-25,0.0570178947147482
2024-01-26,0.0574168674790709
2024-01-27,0.0571334832346968
2024-01-28,0.0554711973830765
2024-01-29,0.0543363779355793
2024-01-30,0.0537411190175589
2024-01-31,0.0531011228793002
2024-02-01,0.0520508391309944
2024-02-02,0.051975336505996
2024-02-03,0.0514801750936044
2024-02-04,0.0503113966673424
2024-02-05,0.0495150210246946
2024-02-06,0.0493998176138652
2024-02-07,0.0491041934123754
2024-02-08,0.0481452643431871
2024-02-09,0.0474952188390965
2024-02-10,0.046831552931599
2024-02-11,0.0463434197606328
2024-02-12,0.0459530584326512
2024-02-13,0.0455936077748548
2024-02-14,0.0452933217708433
2024-02-15,0.0450158178029172
2024-02-16,0.0447599954784021
2024-02-17,0.0445719223430083
2024-02-18,0.0462256879385347
2024-02-19,0.046822425279137
2024-02-20,0.0454363538462304
2024-02-21,0.0447211926197895
2024-02-22,0.0439534727768003
2024-02-23,0.043512983550417
2024-02-24,0.0432830623626842
2024-02-25,0.0437402140713478
2024-02-26,0.0439292865082722
2024-02-27,0.0449464418109357
2024-02-28,0.0453560410384321
2024-02-29,0.0447376455574019
2024-03-01,0.0452690508349427
2024-03-02,14.636854469678608
2024-03-03,20.514750263737625
2024-03-04,11.550446025559662
2024-03-05,7.664804797247481
2024-03-06,3.310240971726585
2024-03-07,1.367683596643576
2024-03-08,0.7077129130853691
2024-03-09,0.6899622766720125
2024-03-10,0.688811862287367
2024-03-11,0.6871401404128209
2024-03-12,0.68600247144101
2024-03-13,0.0758386930198361
2024-03-14,0.0591052028477519
2024-03-15,0.0582239267849233
2024-03-16,0.0560788786187073
2024-03-17,0.0546790078199207
2024-03-18,0.0550744933645354
2024-03-19,0.0578053012792772
2024-03-20,0.0572098265868827
2024-03-21,0.054196613057999
2024-03-22,0.055206821388588
2024-03-23,0.0578485362907822
2024-03-24,0.056289615992103
2024-03-25,0.0527065488539904
2024-03-26,0.0503814140359085
2024-03-27,0.0486989150525627
2024-03-28,0.0519481829150707
2024-03-29,0.0533341223914703
2024-03-30,0.0543939525984051
2024-03-31,0.0546909371412249
2024-04-01,0.050324284797086
2024-04-02,0.0544701843822138
2024-04-03,0.2349632410521002
2024-04-04,1.1663223871908726
2024-04-05,2.923361228400522
2024-04-06,3.0328617395115
2024-04-07,1.8090700083438644
2024-04-08,1.0990633938395942
2024-04-09,0.5024150162755542
2024-04-10,0.2447655879839788
2024-04-11,0.1676919743298267
2024-04-12,0.1668025900210281
2024-04-13,0.271865965607168
2024-04-14,0.9484736227803018
2024-04-15,1.152339174181685
2024-04-16,0.6546285999359536
2024-04-17,0.4355233179150282
2024-04-18,0.2195443432287143
2024-04-19,0.1682899471344635
2024-04-20,0.1554900127593813
2024-04-21,0.1290626549477592
2024-04-22,0.1178394915285365
2024-04-23,0.1027111545712285
2024-04-24,0.097713471768928
2024-04-25,0.0639894509094867
2024-04-26,0.0560296214633508
2024-04-27,0.0530600481600528
2024-04-28,0.0506401898075658
2024-04-29,0.0509674977291639
2024-04-30,0.0553089308061962
2024-05-01,0.055931265726981
2024-05-02,0.0504657846478819
2024-05-03,0.0477951404052872
2024-05-04,0.0477965548317948
2024-05-05,0.0482242708948334
2024-05-06,0.0490635641171313
2024-05-07,0.0508186391793381
2024-05-08,0.0527888432747418
2024-05-09,0.1445797026440372
2024-05-10,0.1998853693672797
2024-05-11,0.1638417564293881
2024-05-12,0.1867567967451271
2024-05-13,0.3400990293288939
2024-05-14,2.1796862311104697
2024-05-15,4.653766823402035
2024-05-16,6.038072899116063
2024-05-17,5.2708901134470745
2024-05-18,3.3088516056285298
2024-05-19,4.269115106231625
2024-05-20,6.683851337532213
2024-05-21,6.65842510259082
2024-05-22,6.455243881599201
2024-05-23,13.5285171073969
2024-05-24,24.03934736032221
2024-05-25,25.58724051244273
2024-05-26,20.89939895100541
2024-05-27,14.38583799548575
2024-05-28,7.709229626029737
2024-05-29,4.206672947307597
2024-05-30,2.3625920799468427
2024-05-31,1.6148428858589623
2024-06-01,1.6632616445045405
2024-06-02,9.256545510907303
2024-06-03,23.16717326657537
2024-06-04,30.888014725420707
2024-06-05,27.282049791952254
2024-06-06,34.98361509522243
2024-06-07,78.86084277929598
2024-06-08,99.3505080544154
2024-06-09,79.40353628472485
2024-06-10,54.26058194804598
2024-06-11,28.55294975543283
2024-06-12,14.299796887757235
2024-06-13,7.1440307684275135
2024-06-14,4.755093648309615
2024-06-15,3.984713465861622
2024-06-16,3.878366290515717
2024-06-17,3.174298188887007
2024-06-18,1.2811640616265765
2024-06-19,0.6112833877574736
2024-06-20,0.320724311304384
2024-06-21,1.606985173192815
2024-06-22,2.210211441047567
2024-06-23,1.5129315530906615
2024-06-24,2.309148437335736
2024-06-25,5.82955587801054
2024-06-26,21.363870253133108
2024-06-27,45.26641566916092
2024-06-28,55.12855957001796
2024-06-29,48.45735649021839
2024-06-30,33.12188264661081
2024-07-01,17.820024808117115
2024-07-02,10.709960748953582
2024-07-03,8.364320286116612
2024-07-04,6.503591981216459
2024-07-05,4.748329008412938
2024-07-06,3.7015458736838793
2024-07-07,2.4433402026341136
2024-07-08,1.3223483840619543
2024-07-09,0.6741282433943733
2024-07-10,0.3448111961945781
2024-07-11,0.3497425071391953
2024-07-12,0.4103096490490101
2024-07-13,2.4100164047277906
2024-07-14,11.06801918065034
2024-07-15,24.246898238924945
2024-07-16,30.83605076265948
2024-07-17,38.13359474758899
2024-07-18,43.32419173344639
2024-07-19,42.16323215497809
2024-07-20,39.74642097839673
2024-07-21,28.166453507165688
2024-07-22,16.060806113371928
2024-07-23,9.19678614670175
2024-07-24,5.188732094947674
2024-07-25,3.328022394216
2024-07-26,2.3906261294275386
2024-07-27,2.0065715465999268
2024-07-28,1.3249262846840866
2024-07-29,1.0670461012736343
2024-07-30,5.02978900976604
2024-07-31,11.429176523132238
2024-08-01,12.26180053330787
2024-08-02,8.62413823101086
2024-08-03,5.010118966849113
2024-08-04,2.4602408267659093
2024-08-05,1.129650934820308
2024-08-06,0.9814370689867576
2024-08-07,5.681623940369091
2024-08-08,9.942459965092786
2024-08-09,9.495353969387832
2024-08-10,7.15786858858578
2024-08-11,4.292026606941489
2024-08-12,11.798442281485196
2024-08-13,20.766487430003483
2024-08-14,21.12193612444703
2024-08-15,16.272622471905656
2024-08-16,9.20023242024904
2024-08-17,5.165618808386087
2024-08-18,5.335073107174122
2024-08-19,5.802481262771583
2024-08-20,9.80224972014292
2024-08-21,16.16263026706337
2024-08-22,13.846607215692265
2024-08-23,8.537251100844532
2024-08-24,4.754903104246152
2024-08-25,2.151951612465006
2024-08-26,1.0591828781490606
2024-08-27,0.7489197559091664
