date,evaporation (mm)
2017-07-20,3.895306702566467
2017-07-21,3.4512525969330743
2017-07-22,4.948645469491891
2017-07-23,5.078567840326768
2017-07-24,4.798819098574394
2017-07-25,5.295884209346577
2017-07-26,4.010998933792789
2017-07-27,4.061096448659045
2017-07-28,4.000088771370279
2017-07-29,4.029295554439612
2017-07-30,4.145967732416136
2017-07-31,4.155166788854261
2017-08-01,4.149860765000363
2017-08-02,4.983814111144203
2017-08-03,3.5816310354093472
2017-08-04,2.551203737836621
2017-08-05,2.9743060933809664
2017-08-06,3.634389746248819
2017-08-07,3.759528476296078
2017-08-08,4.063159790970241
2017-08-09,3.85015543392115
2017-08-10,3.7561452045199495
2017-08-11,3.3047572090273065
2017-08-12,4.029683166164799
2017-08-13,3.575607552981796
2017-08-14,3.8655066420783353
2017-08-15,3.8511220278729614
2017-08-16,4.0814691318688
2017-08-17,3.913710536879484
2017-08-18,3.788271945427757
2017-08-19,2.7549720098491925
2017-08-20,3.615844514691301
2017-08-21,3.308152305904742
2017-08-22,3.465162923459252
2017-08-23,4.050792999821267
2017-08-24,4.057552611322064
2017-08-25,4.508150993168305
2017-08-26,3.44667576085819
2017-08-27,2.8368239433552995
2017-08-28,2.246011420045761
2017-08-29,2.8117512883626543
2017-08-30,3.595726902937168
2017-08-31,4.01079802798209
2017-09-01,4.119345649260495
2017-09-02,4.116878504107572
2017-09-03,5.207626018916494
2017-09-04,4.177573838463959
2017-09-05,4.200537886630986
2017-09-06,3.974064529135331
2017-09-07,4.016574983135981
2017-09-08,4.089512396731999
2017-09-09,3.4898109722768824
2017-09-10,3.4941742610877395
2017-09-11,3.6208284082124313
2017-09-12,4.662154260799496
2017-09-13,4.066349817073998
2017-09-14,3.529073318310094
2017-09-15,3.6776870087030886
2017-09-16,3.172020935765496
2017-09-17,2.726779904992384
2017-09-18,3.063646784454783
2017-09-19,4.3847222821679
2017-09-20,4.962125036609651
2017-09-21,4.7869335916991
2017-09-22,5.1196693730654825
2017-09-23,5.15611708206951
2017-09-24,3.85279328267337
2017-09-25,3.684220788913271
2017-09-26,3.893513538937017
2017-09-27,3.53723128509413
2017-09-28,3.706124252234459
2017-09-29,3.5885163128055795
2017-09-30,3.4151438863583463
2017-10-01,2.878518656636168
2017-10-02,3.042636000534449
2017-10-03,4.53447347498881
2017-10-04,3.791722806570509
2017-10-05,3.498331513333733
2017-10-06,3.3977452589084685
2017-10-07,4.4225357812690405
2017-10-08,3.5350052153439813
2017-10-09,3.595706532374772
2017-10-10,3.400128859778043
2017-10-11,3.3309048772401093
2017-10-12,3.5290506419585417
2017-10-13,3.5022557767172824
2017-10-14,2.920211600025627
2017-10-15,3.404294832514977
2017-10-16,3.3238854504359656
2017-10-17,3.1621668156547456
2017-10-18,4.548349663134222
2017-10-19,4.52276187513004
2017-10-20,4.469139080377136
2017-10-21,4.423366524811073
2017-10-22,4.673763328605474
2017-10-23,4.655622354005006
2017-10-24,4.774641932908832
2017-10-25,4.795623125806403
2017-10-26,3.247722739133011
2017-10-27,3.307294024304533
2017-10-28,3.3237533184779204
2017-10-29,3.524293051756912
2017-10-30,3.434339066199802
2017-10-31,3.415257204863326
2017-11-01,3.253430250975096
2017-11-02,3.316959081582909
2017-11-03,3.320107613943072
2017-11-04,3.242939157976004
2017-11-05,2.5270737014996643
2017-11-06,3.005620422700952
2017-11-07,3.168870145964805
2017-11-08,3.291437490245518
2017-11-09,4.222357191137568
2017-11-10,4.2199108512121954
2017-11-11,3.1038521733556093
2017-11-12,4.357269900993897
2017-11-13,4.210909894907226
2017-11-14,4.283075227300019
2017-11-15,4.237489576828609
2017-11-16,3.82224732546848
2017-11-17,3.834638195395298
2017-11-18,3.893675545909979
2017-11-19,3.7294435376295287
2017-11-20,3.0562288281510903
2017-11-21,3.080693578248347
2017-11-22,3.7261872887318495
2017-11-23,4.069509471343632
2017-11-24,3.86129400603262
2017-11-25,3.324191052058289
2017-11-26,2.9165040892207186
2017-11-27,3.771411778022468
2017-11-28,3.816337642869974
2017-11-29,4.25108615583313
2017-11-30,3.0071962027826213
2017-12-01,2.4312316203631728
2017-12-02,3.503033863916869
2017-12-03,4.058023586592974
2017-12-04,3.814161916966983
2017-12-05,3.695594107604111
2017-12-06,3.639185161042633
2017-12-07,3.806700976497472
2017-12-08,3.747499483735011
2017-12-09,3.7679839699058606
2017-12-10,3.5723936854320733
2017-12-11,2.820404861900342
2017-12-12,3.571773714689681
2017-12-13,3.3372197414037776
2017-12-14,3.4180699712966853
2017-12-15,4.035945852439204
2017-12-16,4.079588269356324
2017-12-17,4.553854783405261
2017-12-18,4.111328621091911
2017-12-19,4.205461222579924
2017-12-20,4.216607580251415
2017-12-21,4.211302590068007
2017-12-22,4.130806004422985
2017-12-23,4.048264685644344
2017-12-24,4.143937591213806
2017-12-25,4.273024270329964
2017-12-26,4.271956707510737
2017-12-27,4.204878306121785
2017-12-28,4.279075898233016
2017-12-29,4.250472235907589
2017-12-30,4.111364556007456
2017-12-31,4.1153063013821605
2018-01-01,3.8955058470583657
2018-01-02,3.9912488078017807
2018-01-03,3.911232063849216
2018-01-04,4.171159219017648
2018-01-05,2.882243287571724
2018-01-06,3.607714908530944
2018-01-07,3.544681207718342
2018-01-08,3.857898974887593
2018-01-09,4.087956653449816
2018-01-10,3.1760525263298427
2018-01-11,4.045503386632239
2018-01-12,3.715677718518453
2018-01-13,3.7221355105761673
2018-01-14,4.200688728509498
2018-01-15,4.200913662095953
2018-01-16,3.979243853651659
2018-01-17,3.772293667625208
2018-01-18,4.261959423344707
2018-01-19,4.327187787679468
2018-01-20,4.308229798542702
2018-01-21,4.191030825222776
2018-01-22,4.044317416692501
2018-01-23,3.885991278060464
2018-01-24,3.610810558509255
2018-01-25,3.958269679261946
2018-01-26,4.042884287328008
2018-01-27,4.056031417076257
2018-01-28,3.828229731072304
2018-01-29,4.42773774222669
2018-01-30,4.629980534206939
2018-01-31,4.644560646678908
2018-02-01,4.693629845853668
2018-02-02,4.485848660454746
2018-02-03,4.689697088727823
2018-02-04,4.587270517377667
2018-02-05,4.88386523209415
2018-02-06,4.612327861318919
2018-02-07,2.91670461141634
2018-02-08,3.1557564478043703
2018-02-09,3.898824453712639
2018-02-10,4.242067819596361
2018-02-11,4.276746909356102
2018-02-12,4.539882630526641
2018-02-13,4.6980205543566935
2018-02-14,4.960899394604691
2018-02-15,4.999208031348808
2018-02-16,3.7339989774785054
2018-02-17,4.618232492532939
2018-02-18,4.790801155275369
2018-02-19,4.6563669425694165
2018-02-20,4.914165915947484
2018-02-21,4.59571748896636
2018-02-22,4.448824634151602
2018-02-23,4.806893664838571
2018-02-24,4.723508852402469
2018-02-25,4.774294882158701
2018-02-26,4.885267193120681
2018-02-27,5.346251750203109
2018-02-28,5.082068835911948
2018-03-01,4.801759683228887
2018-03-02,5.112260419736479
2018-03-03,4.856097277439105
2018-03-04,4.771016624082418
2018-03-05,4.908728666889859
2018-03-06,4.889185373261523
2018-03-07,4.893769265061676
2018-03-08,4.805718214528906
2018-03-09,4.527282625475294
2018-03-10,5.324094415426796
2018-03-11,5.872653432145253
2018-03-12,6.080091294787311
2018-03-13,4.37226789325319
2018-03-14,4.212554128564864
2018-03-15,4.246641012202446
2018-03-16,4.832718656748338
2018-03-17,4.625077864764786
2018-03-18,3.412025553975348
2018-03-19,3.7115363756522215
2018-03-20,5.448362427690696
2018-03-21,5.925964441652928
2018-03-22,5.860121464303616
2018-03-23,5.253390596531613
2018-03-24,4.889009986358863
2018-03-25,5.280107104092201
2018-03-26,5.199796384004894
2018-03-27,5.473644210001738
2018-03-28,5.240583823688503
2018-03-29,5.456020496661326
2018-03-30,5.699238108819696
2018-03-31,5.241338350953972
2018-04-01,5.101269431405444
2018-04-02,3.3306917182938327
2018-04-03,5.419445659262244
2018-04-04,4.623402736347748
2018-04-05,4.980802426302963
2018-04-06,5.284680898609881
2018-04-07,5.356695681956863
2018-04-08,5.420986953093758
2018-04-09,5.115238910693456
2018-04-10,5.5145148899866925
2018-04-11,5.106694391749122
2018-04-12,3.635127290963134
2018-04-13,5.337039262151751
2018-04-14,4.1215957550896185
2018-04-15,5.21323072309426
2018-04-16,3.8295522067801135
2018-04-17,4.977216208768446
2018-04-18,5.284639704655367
2018-04-19,3.8614786301783246
2018-04-20,3.9337414846218968
2018-04-21,5.149827149693437
2018-04-22,3.945266048114027
2018-04-23,4.2036481746470855
2018-04-24,5.587019082044934
2018-04-25,4.364869077948359
2018-04-26,3.945071811012512
2018-04-27,5.331747448513498
2018-04-28,5.256292906940386
2018-04-29,5.658251924688257
2018-04-30,4.290494707050414
2018-05-01,4.512121641689381
2018-05-02,4.422110973646743
2018-05-03,4.308836849718657
2018-05-04,4.21799435466441
2018-05-05,3.750055608515472
2018-05-06,5.198895489752923
2018-05-07,3.971355177337573
2018-05-08,3.728178632456697
2018-05-09,4.063008850225916
2018-05-10,4.183681342172736
2018-05-11,4.052234856457162
2018-05-12,4.232831087636701
2018-05-13,3.917086477032108
2018-05-14,5.010117014614885
2018-05-15,3.828509084834052
2018-05-16,3.687184484646133
2018-05-17,3.7737778372674526
2018-05-18,5.179823690428972
2018-05-19,3.872699208897763
2018-05-20,4.207651327779088
2018-05-21,3.996188692587255
2018-05-22,5.241964267204414
2018-05-23,3.965752004141949
2018-05-24,4.111715892428236
2018-05-25,3.722054347221561
2018-05-26,3.589482116357826
2018-05-27,3.654938220832057
2018-05-28,3.730443219350071
2018-05-29,3.884135108688002
2018-05-30,3.645074619218244
2018-05-31,5.167240844673287
2018-06-01,4.364521124098282
2018-06-02,4.759504011560223
2018-06-03,3.4808467840185484
2018-06-04,3.114341682473801
2018-06-05,3.846697722543404
2018-06-06,4.066460232996154
2018-06-07,3.0680559308448223
2018-06-08,2.4570213615209204
2018-06-09,2.7960525950159147
2018-06-10,4.522121413267826
2018-06-11,3.2559371637966805
2018-06-12,3.4115982551603388
2018-06-13,3.803434056222632
2018-06-14,2.247382452894701
2018-06-15,3.5520903713425533
2018-06-16,5.125400029407116
2018-06-17,3.0285941241684826
2018-06-18,3.641717874032942
2018-06-19,3.526648762909842
2018-06-20,2.443717654268196
2018-06-21,2.149436336678473
2018-06-22,4.226241307496119
2018-06-23,3.462403453697044
2018-06-24,3.2740171033815835
2018-06-25,4.109303204772669
2018-06-26,3.8746701571994615
2018-06-27,3.8114544781211706
2018-06-28,3.077986220043999
2018-06-29,3.266090404939613
2018-06-30,4.03314625374813
2018-07-01,4.010856615305234
2018-07-02,4.04755019922353
2018-07-03,4.238193089020251
2018-07-04,5.385431301374464
2018-07-05,5.704517963694201
2018-07-06,4.588592177806305
2018-07-07,4.000706400182739
2018-07-08,3.5044418007621045
2018-07-09,3.241199224666697
2018-07-10,3.325173176410233
2018-07-11,2.9202406595767862
2018-07-12,3.915091394080231
2018-07-13,2.940997603818309
2018-07-14,3.916969601152174
2018-07-15,3.095168638374175
2018-07-16,2.886113313558496
2018-07-17,4.086991703861447
2018-07-18,3.9142969542995103
2018-07-19,2.740663172743816
2018-07-20,3.866712139727636
2018-07-21,2.9717913228262547
2018-07-22,3.3829937153199485
2018-07-23,3.831093469398357
2018-07-24,3.663645005855296
2018-07-25,3.848429301212831
2018-07-26,3.624310363580054
2018-07-27,5.040154863655776
2018-07-28,3.736930777932276
2018-07-29,4.054433429723341
2018-07-30,3.643703844383004
2018-07-31,2.6092509591597493
2018-08-01,4.202957535814971
2018-08-02,4.089858564410783
2018-08-03,4.318067294097925
2018-08-04,3.8531683875729374
2018-08-05,4.996803580411594
2018-08-06,4.149145406736773
2018-08-07,4.403994055145047
2018-08-08,3.5641400838164907
2018-08-09,3.356994122715633
2018-08-10,3.710177368597064
2018-08-11,3.719543771566424
2018-08-12,3.2888880836481507
2018-08-13,3.388362512393102
2018-08-14,2.518929498742036
2018-08-15,3.367968148281478
2018-08-16,2.470338221121801
2018-08-17,3.5428318216956862
2018-08-18,3.941342264681272
2018-08-19,3.351947953173344
2018-08-20,3.813647945690605
2018-08-21,3.788452261492969
2018-08-22,5.625136381651989
2018-08-23,4.058721024341844
2018-08-24,5.12397566058151
2018-08-25,4.405676947167296
2018-08-26,3.6753826741967126
2018-08-27,3.8855391483730015
2018-08-28,3.3963112017072827
2018-08-29,4.023704212040698
2018-08-30,4.057144739013138
2018-08-31,3.966105804230912
2018-09-01,4.498172462542699
2018-09-02,4.056178981915483
2018-09-03,5.530475676301059
2018-09-04,4.510889981956775
2018-09-05,5.599688625756476
2018-09-06,5.976269018356044
2018-09-07,5.265241090592444
2018-09-08,5.322994496191713
2018-09-09,5.056621417521336
2018-09-10,5.292180693479521
2018-09-11,4.081442429665901
2018-09-12,5.019409368625592
2018-09-13,5.199546729531047
2018-09-14,5.177409996665068
2018-09-15,4.153588596736776
2018-09-16,3.912202290595808
2018-09-17,5.099831447101284
2018-09-18,4.090416759911065
2018-09-19,5.264046906092393
2018-09-20,5.397317742079103
2018-09-21,5.417857599085962
2018-09-22,5.0481884633330605
2018-09-23,3.6581783853951246
2018-09-24,3.70115384584157
2018-09-25,3.65863134601384
2018-09-26,3.7888161328076495
2018-09-27,3.636321600150517
2018-09-28,3.657292188814828
2018-09-29,3.0002382164543766
2018-09-30,3.42157145903422
2018-10-01,3.567507405153857
2018-10-02,3.3570949463681723
2018-10-03,3.3065893364706427
2018-10-04,3.243388886950781
2018-10-05,3.0290100086155505
2018-10-06,3.1189002099094285
2018-10-07,3.3713225765806705
2018-10-08,3.334197993634908
2018-10-09,3.3641681613686645
2018-10-10,3.709281855560479
2018-10-11,4.477749276145091
2018-10-12,4.524665673266987
2018-10-13,3.450005756246924
2018-10-14,2.8271557178511344
2018-10-15,3.170690453521017
2018-10-16,3.0547713832097374
2018-10-17,3.215172567358114
2018-10-18,4.2321272493258615
2018-10-19,3.213687593754184
2018-10-20,2.58013747390198
2018-10-21,4.561487567634831
2018-10-22,3.186210516289411
2018-10-23,4.323344486383781
2018-10-24,3.911143289639451
2018-10-25,4.128763191920641
2018-10-26,4.354571356763018
2018-10-27,4.3339807629142815
2018-10-28,3.877394242143157
2018-10-29,4.3313813269296375
2018-10-30,4.467352480423791
2018-10-31,4.371645905930317
2018-11-01,3.8615692734762286
2018-11-02,3.342562080405016
2018-11-03,2.810963001401709
2018-11-04,3.257481759351628
2018-11-05,3.2645287940339256
2018-11-06,4.008586875079262
2018-11-07,4.150577672470995
2018-11-08,3.9774069116380346
2018-11-09,3.858967925106243
2018-11-10,4.180174407805703
2018-11-11,3.592804631489272
2018-11-12,4.054576709719569
2018-11-13,4.333224438222997
2018-11-14,3.9544843429513663
2018-11-15,4.444371259804126
2018-11-16,3.321549072906828
2018-11-17,4.034248355881733
2018-11-18,2.936874732751545
2018-11-19,3.917530111101343
2018-11-20,2.823645786010034
2018-11-21,3.0438434530784795
2018-11-22,3.8200814328122887
2018-11-23,3.169358965111023
2018-11-24,2.8921262646550043
2018-11-25,3.732812061934805
2018-11-26,3.838032346511266
2018-11-27,4.013535524372523
2018-11-28,4.057023687669817
2018-11-29,4.074228381235243
2018-11-30,2.997169430895435
2018-12-01,3.93480582692563
2018-12-02,4.147262378217431
2018-12-03,3.860357609949559
2018-12-04,3.125748856052853
2018-12-05,2.203094642130882
2018-12-06,3.688173339998301
2018-12-07,3.5012439578721746
2018-12-08,3.8924676607129385
2018-12-09,3.3183278814972126
2018-12-10,3.371785724626033
2018-12-11,3.605085139861443
2018-12-12,3.528755924357206
2018-12-13,3.7891236400860455
2018-12-14,3.699588884177405
2018-12-15,3.729112409190054
2018-12-16,2.854641603942732
2018-12-17,3.94620038302092
2018-12-18,3.9484909313590615
2018-12-19,4.012004454153408
2018-12-20,3.737262402659841
2018-12-21,3.68652379403632
2018-12-22,3.440532133226477
2018-12-23,3.8292508690686273
2018-12-24,2.951358645702184
2018-12-25,3.7087017835239102
2018-12-26,3.7623871816742858
2018-12-27,3.586554222628651
2018-12-28,2.4598820551135607
2018-12-29,2.401893135678756
2018-12-30,3.923982406951762
2018-12-31,3.78039946238398
2019-01-01,4.01939078535713
2019-01-02,4.228335678366536
2019-01-03,4.336980058521627
2019-01-04,4.440724709632091
2019-01-05,3.7980598625203177
2019-01-06,4.2132785552803655
2019-01-07,3.4363925144889125
2019-01-08,4.220088187077188
2019-01-09,4.3632037545423
2019-01-10,4.034276963842334
2019-01-11,3.837597455219496
2019-01-12,3.880284189958931
2019-01-13,4.170383731622226
2019-01-14,3.946311209501224
2019-01-15,4.183011225722259
2019-01-16,4.290113101459463
2019-01-17,4.224936972223817
2019-01-18,4.4700647916543375
2019-01-19,4.251330899922614
2019-01-20,4.232656198877156
2019-01-21,4.314247197161758
2019-01-22,4.07882975009213
2019-01-23,3.683937885577268
2019-01-24,4.3410981377210245
2019-01-25,4.045536452218485
2019-01-26,3.607523843807472
2019-01-27,3.194098904464842
2019-01-28,4.249066003804819
2019-01-29,4.2377179855174525
2019-01-30,4.053798843533229
2019-01-31,3.9811196975558296
2019-02-01,4.302702123382774
2019-02-02,4.6502340782103095
2019-02-03,4.798596596818667
2019-02-04,5.010746495245444
2019-02-05,4.354913236565192
2019-02-06,3.874944221740697
2019-02-07,4.273069485567333
2019-02-08,4.415968383070822
2019-02-09,4.385264778816871
2019-02-10,4.384784532027003
2019-02-11,3.749602859002525
2019-02-12,4.766444163480567
2019-02-13,4.599371706029957
2019-02-14,4.535177234771585
2019-02-15,4.664418126063347
2019-02-16,4.456921395574506
2019-02-17,4.947289981945495
2019-02-18,4.469186738874657
2019-02-19,4.801144638141509
2019-02-20,4.298587206708318
2019-02-21,4.460606476307349
2019-02-22,4.59129273040842
2019-02-23,5.634478992346583
2019-02-24,5.185822579006562
2019-02-25,5.191201280197191
2019-02-26,4.858883166431013
2019-02-27,4.582058787677153
2019-02-28,4.731368841228469
2019-03-01,5.229688936719419
2019-03-02,4.87513087379267
2019-03-03,4.759022712641529
2019-03-04,5.010230730201118
2019-03-05,5.4173682877977045
2019-03-06,5.283646354197011
2019-03-07,5.359793268648794
2019-03-08,6.22852030858734
2019-03-09,3.564285291871148
2019-03-10,4.119601435521008
2019-03-11,3.84578386401788
2019-03-12,4.42608837131829
2019-03-13,4.875612056003453
2019-03-14,5.442534068166928
2019-03-15,5.052608712237978
2019-03-16,5.16746594076495
2019-03-17,5.178120557054016
2019-03-18,5.3769413964146695
2019-03-19,4.787207334424452
2019-03-20,4.404609028020902
2019-03-21,4.977898353918977
2019-03-22,4.994906893889698
2019-03-23,5.146230857725305
2019-03-24,4.985406771561627
2019-03-25,5.255380967625962
2019-03-26,4.942862686597892
2019-03-27,5.178429624769666
2019-03-28,5.435740276923079
2019-03-29,5.67261254029783
2019-03-30,5.861439459675652
2019-03-31,6.536309746796226
2019-04-01,5.646909455105803
2019-04-02,5.273967216365152
2019-04-03,4.4547086224381465
2019-04-04,4.135987233541455
2019-04-05,4.45595317833818
2019-04-06,5.248549919168944
2019-04-07,5.43724106858234
2019-04-08,5.510272850708087
2019-04-09,5.641373770986263
2019-04-10,4.807023264062986
2019-04-11,5.4540137929931145
2019-04-12,5.788844175957309
2019-04-13,5.516555464826719
2019-04-14,5.842279140166815
2019-04-15,6.207915390998041
2019-04-16,6.103340038595666
2019-04-17,4.041985196345427
2019-04-18,4.254964472966829
2019-04-19,5.5060554478822
2019-04-20,4.351802899896348
2019-04-21,3.945818439749021
2019-04-22,3.7181719655040713
2019-04-23,5.049819228141059
2019-04-24,4.007438771190386
2019-04-25,3.812990329450964
2019-04-26,5.414435391158681
2019-04-27,4.138982903061823
2019-04-28,5.451651892287611
2019-04-29,4.250903140166368
2019-04-30,4.708580022344559
2019-05-01,4.341349710266698
2019-05-02,5.665196672350483
2019-05-03,6.11005722380772
2019-05-04,5.874558390301006
2019-05-05,5.751167370804746
2019-05-06,5.775326832594429
2019-05-07,5.450919513855803
2019-05-08,4.968423950236675
2019-05-09,5.65101469266055
2019-05-10,6.168614364769494
2019-05-11,5.403868881224768
2019-05-12,4.680834368564885
2019-05-13,5.540307453910455
2019-05-14,5.542906967667858
2019-05-15,5.178921021927411
2019-05-16,5.614511260262873
2019-05-17,4.150050840622639
2019-05-18,5.591084908909282
2019-05-19,4.686460942054135
2019-05-20,5.328665043296078
2019-05-21,4.135401387614678
2019-05-22,5.572870307907328
2019-05-23,4.352901424574641
2019-05-24,4.151190351442264
2019-05-25,6.019673454742938
2019-05-26,4.367557991615923
2019-05-27,5.766016301461479
2019-05-28,4.063574937862244
2019-05-29,4.426430795038013
2019-05-30,4.0502507839627455
2019-05-31,4.034779134536438
2019-06-01,5.6544991776013855
2019-06-02,5.072782309384272
2019-06-03,4.97951062833761
2019-06-04,5.540213209852586
2019-06-05,4.087333720662853
2019-06-06,5.570762545063466
2019-06-07,3.885164240706187
2019-06-08,5.4493090574556735
2019-06-09,3.950743470700876
2019-06-10,2.5441539553037607
2019-06-11,3.155720275333442
2019-06-12,2.874864189558728
2019-06-13,3.475483821145268
2019-06-14,3.107725992740085
2019-06-15,4.767463688779184
2019-06-16,4.805594212320825
2019-06-17,5.179761332820587
2019-06-18,3.923448389729869
2019-06-19,4.400429167722124
2019-06-20,4.278584636857761
2019-06-21,3.398456196201324
2019-06-22,3.34000582924094
2019-06-23,3.2720490549531047
2019-06-24,3.8521055670795343
2019-06-25,4.132496288848187
2019-06-26,3.769958788484336
2019-06-27,4.8321825506756655
2019-06-28,5.302000453195196
2019-06-29,3.9603987090877366
2019-06-30,3.6383974672842094
2019-07-01,5.055687586186826
2019-07-02,4.413124840355184
2019-07-03,3.993347861166694
2019-07-04,3.0271255892619644
2019-07-05,3.4098300586610506
2019-07-06,3.1204779069553163
2019-07-07,3.360565590394213
2019-07-08,4.117838384522418
2019-07-09,3.50265617542848
2019-07-10,3.5575729083008154
2019-07-11,4.409644289449677
2019-07-12,5.331916960901993
2019-07-13,3.925184596158021
2019-07-14,3.900365931147285
2019-07-15,5.507784485720055
2019-07-16,3.485428591193089
2019-07-17,5.613953906939889
2019-07-18,3.890924838479443
2019-07-19,3.040457399592468
2019-07-20,2.7042822388131174
2019-07-21,3.4420070984635154
2019-07-22,2.8503362072568974
2019-07-23,3.1311106675709777
2019-07-24,3.106815055141628
2019-07-25,3.701860764171299
2019-07-26,3.051658712862233
2019-07-27,4.025356003793672
2019-07-28,4.30143397458753
2019-07-29,3.9230293188592857
2019-07-30,3.649791909951086
2019-07-31,4.254537713526725
2019-08-01,4.219649740715158
2019-08-02,4.127478041747425
2019-08-03,3.807069528889068
2019-08-04,3.185073186093049
2019-08-05,3.63490381752984
2019-08-06,2.9308346373331675
2019-08-07,3.752270989592809
2019-08-08,2.749007791998005
2019-08-09,3.1149502684736587
2019-08-10,2.6064174335283683
2019-08-11,3.965902328063845
2019-08-12,3.252591313297828
2019-08-13,3.822278476588417
2019-08-14,3.0947956708098885
2019-08-15,3.960396071529568
2019-08-16,2.9094129043947343
2019-08-17,3.581744475757887
2019-08-18,3.48897395877424
2019-08-19,4.041340927356357
2019-08-20,3.786854391473096
2019-08-21,3.8207835837048862
2019-08-22,3.648835766393928
2019-08-23,3.182511172280086
2019-08-24,3.398894053867361
2019-08-25,3.4361534350413248
2019-08-26,3.970482426888348
2019-08-27,3.6242953072194233
2019-08-28,4.206107321888616
2019-08-29,3.7051080080288687
2019-08-30,3.8860246784992594
2019-08-31,3.784346467726934
2019-09-01,3.134593112674652
2019-09-02,2.543846548501104
2019-09-03,2.982809153778605
2019-09-04,3.4978069962904703
2019-09-05,3.5902140685561945
2019-09-06,4.709399496413748
2019-09-07,3.8077807325779487
2019-09-08,3.564561165305213
2019-09-09,3.5587281204191274
2019-09-10,3.4803841993905644
2019-09-11,3.79333609948866
2019-09-12,3.892162516538201
2019-09-13,3.518055060076502
2019-09-14,3.545046450074297
2019-09-15,3.811739675799816
2019-09-16,3.3836970526651964
2019-09-17,4.062507055218371
2019-09-18,3.8783149789623375
2019-09-19,4.283036234821604
2019-09-20,4.412144196795534
2019-09-21,5.093944556037785
2019-09-22,3.861132377738711
2019-09-23,3.802245174929044
2019-09-24,3.536849715039834
2019-09-25,3.2482914413992674
2019-09-26,3.4770664634980983
2019-09-27,4.794601255301387
2019-09-28,3.562717918293993
2019-09-29,3.730252301954778
2019-09-30,3.4108992366583184
2019-10-01,3.6141499704956512
2019-10-02,4.786340417134284
2019-10-03,3.5392338459981256
2019-10-04,4.711497719603623
2019-10-05,3.632889068283312
2019-10-06,3.4763823194548125
2019-10-07,3.248695380017008
2019-10-08,3.148147117416064
2019-10-09,3.7623116653129447
2019-10-10,3.645928390001612
2019-10-11,3.568380348976614
2019-10-12,3.654406396574777
2019-10-13,3.1013453511718763
2019-10-14,3.540998659704321
2019-10-15,2.905684808565145
2019-10-16,3.118621205255724
2019-10-17,3.1804855966103727
2019-10-18,2.677334811149573
2019-10-19,3.021526710148634
2019-10-20,3.0894317036787
2019-10-21,2.126974322146532
2019-10-22,3.039668425586447
2019-10-23,3.019772826208441
2019-10-24,3.3799584134707747
2019-10-25,3.212701091655349
2019-10-26,3.3361495976701927
2019-10-27,4.180103707362038
2019-10-28,3.406611350917069
2019-10-29,3.3490038387078163
2019-10-30,2.713578576068394
2019-10-31,1.9584078313519624
2019-11-01,4.114826627372978
2019-11-02,4.150045391172355
2019-11-03,4.186883792277162
2019-11-04,4.011600087608249
2019-11-05,4.442367071617387
2019-11-06,3.3262620180349978
2019-11-07,3.392370630731208
2019-11-08,3.970636079939719
2019-11-09,2.936414435248671
2019-11-10,2.800037610862021
2019-11-11,3.060258814511606
2019-11-12,3.0150857511051496
2019-11-13,4.051446274515108
2019-11-14,4.064574931994153
2019-11-15,2.968546134933776
2019-11-16,3.12655851423654
2019-11-17,3.518410187045037
2019-11-18,3.9749352827856494
2019-11-19,3.854501077312653
2019-11-20,3.0090538584335063
2019-11-21,2.939872213507312
2019-11-22,2.977489941723936
2019-11-23,4.088463364653881
2019-11-24,4.205662184090841
2019-11-25,3.980399706253705
2019-11-26,4.1237755397927085
2019-11-27,3.867215431423015
2019-11-28,3.710226908837859
2019-11-29,2.97945879943996
2019-11-30,2.8459261340627577
2019-12-01,2.2636211560256734
2019-12-02,2.220970360098262
2019-12-03,2.657931918041575
2019-12-04,4.01031089579133
2019-12-05,4.006221918405217
2019-12-06,4.236855661173863
2019-12-07,3.930136018756986
2019-12-08,4.159740111786823
2019-12-09,4.151720440522474
2019-12-10,4.004084963075246
2019-12-11,3.8386180343594094
2019-12-12,3.81078899204382
2019-12-13,3.942890105035497
2019-12-14,2.9270473399168724
2019-12-15,2.821653591210546
2019-12-16,4.190258066951499
2019-12-17,3.952856877209607
2019-12-18,4.129917951833802
2019-12-19,4.143377846514509
2019-12-20,3.96578115108699
2019-12-21,3.914710135252874
2019-12-22,3.8732482535897854
2019-12-23,2.799976771770083
2019-12-24,3.949394193117003
2019-12-25,2.982402833461523
2019-12-26,2.690608438208357
2019-12-27,3.74866438016128
2019-12-28,3.5282943304704792
2019-12-29,3.7641557000405457
2019-12-30,3.731598934757008
2019-12-31,3.761699922372946
2020-01-01,3.844280104833034
2020-01-02,3.356081838789707
2020-01-03,3.935960811135368
2020-01-04,3.5712699263749728
2020-01-05,3.953214800909559
2020-01-06,4.172013521005995
2020-01-07,4.088619946193777
2020-01-08,4.002055916880548
2020-01-09,4.015762265413071
2020-01-10,3.637128191860565
2020-01-11,4.073397834646776
2020-01-12,3.621364441592545
2020-01-13,4.142602352324801
2020-01-14,4.09204287850734
2020-01-15,3.847333935288224
2020-01-16,3.9320581995237975
2020-01-17,3.836697275233552
2020-01-18,4.089931922730161
2020-01-19,4.170712968146935
2020-01-20,4.23179720440359
2020-01-21,4.545831876977852
2020-01-22,4.710521660964617
2020-01-23,4.813808566334475
2020-01-24,4.236443181244493
2020-01-25,4.181453048805441
2020-01-26,4.227427474934668
2020-01-27,4.507374681402254
2020-01-28,4.177704259060089
2020-01-29,4.3988034972668855
2020-01-30,4.225672583009632
2020-01-31,4.122724971382872
2020-02-01,4.352193626365837
2020-02-02,4.7066257913187295
2020-02-03,3.375954396506133
2020-02-04,4.445305660000931
2020-02-05,4.36659952373235
2020-02-06,3.919389791527912
2020-02-07,4.02481542608556
2020-02-08,4.204987604706234
2020-02-09,4.557045522590378
2020-02-10,4.365626003412851
2020-02-11,4.9471418506965605
2020-02-12,4.94162873335946
2020-02-13,4.525654031925371
2020-02-14,4.555051039098595
2020-02-15,4.683778748397686
2020-02-16,4.252904793661256
2020-02-17,4.6682488618404765
2020-02-18,4.823387126135919
2020-02-19,4.986809703122401
2020-02-20,4.500368025733629
2020-02-21,4.852303918621282
2020-02-22,5.043582239211562
2020-02-23,4.13631153880859
2020-02-24,3.88582936452147
2020-02-25,4.933375505387504
2020-02-26,4.497032743988864
2020-02-27,4.880624086313007
2020-02-28,5.028669880621553
2020-02-29,3.741435651237759
2020-03-01,4.372719642521533
2020-03-02,4.105405769945629
2020-03-03,4.823506531217747
2020-03-04,5.393391181431911
2020-03-05,5.004434753467045
2020-03-06,5.489900103037458
2020-03-07,5.098043704137035
2020-03-08,5.271883806736114
2020-03-09,4.730456614415685
2020-03-10,4.227744189745248
2020-03-11,5.159441394547858
2020-03-12,4.731310862152919
2020-03-13,5.078718813903565
2020-03-14,5.115167780990165
2020-03-15,5.4409659261149255
2020-03-16,5.492188849403646
2020-03-17,5.452300025055615
2020-03-18,4.898177892786698
2020-03-19,5.062805550526885
2020-03-20,4.700351216855144
2020-03-21,4.933696215881946
2020-03-22,5.056971335582807
2020-03-23,5.1306501017827575
2020-03-24,5.30493548117648
2020-03-25,3.3405975157299714
2020-03-26,5.262342946990174
2020-03-27,5.043634771292499
2020-03-28,5.410673248211473
2020-03-29,4.660629612949376
2020-03-30,5.265255944795892
2020-03-31,5.24708033268624
2020-04-01,5.253349865921844
2020-04-02,5.488177360314721
2020-04-03,5.511428676614311
2020-04-04,4.859199947243913
2020-04-05,4.10170020636189
2020-04-06,4.17953084158517
2020-04-07,3.4102489105991216
2020-04-08,5.10963473908059
2020-04-09,4.038626849093927
2020-04-10,5.790889193112156
2020-04-11,5.53268656362999
2020-04-12,5.31300806832565
2020-04-13,5.387168273319612
2020-04-14,5.665498744092028
2020-04-15,5.5866497287649945
2020-04-16,5.488921537593996
2020-04-17,5.607567280382373
2020-04-18,4.237716143500977
2020-04-19,4.484092835100872
2020-04-20,5.415353269342153
2020-04-21,5.294478604755883
2020-04-22,3.941636380137884
2020-04-23,4.452913353977318
2020-04-24,3.371226815966814
2020-04-25,4.241513173503604
2020-04-26,3.517950493276297
2020-04-27,4.319141301878278
2020-04-28,5.155485936394205
2020-04-29,3.872103794570701
2020-04-30,4.116472990843535
2020-05-01,5.292823434381386
2020-05-02,4.1626257595025855
2020-05-03,4.066516604869148
2020-05-04,3.480319017245498
2020-05-05,3.965289403115292
2020-05-06,4.254409267931388
2020-05-07,3.5335683179328874
2020-05-08,3.750790733496119
2020-05-09,4.032940523899287
2020-05-10,4.931749232561012
2020-05-11,4.396464349238715
2020-05-12,5.11293437108742
2020-05-13,3.719422875948943
2020-05-14,5.072780097070589
2020-05-15,3.818567673678041
2020-05-16,4.46311502074794
2020-05-17,4.404996708798745
2020-05-18,3.3821978336565537
2020-05-19,4.323545061818361
2020-05-20,5.838824507981719
2020-05-21,4.907271120039053
2020-05-22,4.14375611279711
2020-05-23,3.906001380555853
2020-05-24,4.183026968856477
2020-05-25,3.484311124967019
2020-05-26,5.24551610278588
2020-05-27,3.942510758375715
2020-05-28,4.295737650716825
2020-05-29,3.708502345689634
2020-05-30,3.687346204534073
2020-05-31,3.901220631189942
2020-06-01,3.815659625158717
2020-06-02,2.854084634185976
2020-06-03,3.3613258698731685
2020-06-04,4.014395239840755
2020-06-05,3.3776062239177818
2020-06-06,3.5614066300989955
2020-06-07,3.618887839668392
2020-06-08,5.503959713577216
2020-06-09,5.485986674279873
2020-06-10,4.204095604884199
2020-06-11,3.655601393282133
2020-06-12,4.008917907248423
2020-06-13,4.024055760544254
2020-06-14,2.449192316262373
2020-06-15,3.580407690510936
2020-06-16,3.789951420559463
2020-06-17,3.272630393244404
2020-06-18,4.980526918373369
2020-06-19,4.001519870715351
2020-06-20,4.372596384206678
2020-06-21,3.163398028905212
2020-06-22,4.517356517241913
2020-06-23,5.095536689625314
2020-06-24,4.117591949053616
2020-06-25,3.867816051114605
2020-06-26,4.232431351439875
2020-06-27,4.345116116356479
2020-06-28,3.728483146527822
2020-06-29,3.7102467288876473
2020-06-30,5.310992623240054
2020-07-01,3.4046622241453166
2020-07-02,3.371806289856454
2020-07-03,3.066740526588454
2020-07-04,3.3437990099218613
2020-07-05,3.682443172768229
2020-07-06,3.3137374488111004
2020-07-07,3.07759449553234
2020-07-08,3.665633561458368
2020-07-09,3.45830650177486
2020-07-10,3.68050928714861
2020-07-11,4.814593383907362
2020-07-12,5.326417753352171
2020-07-13,3.626533966851024
2020-07-14,3.908188565615693
2020-07-15,3.133434033279445
2020-07-16,2.743672732707437
2020-07-17,2.1893422663937114
2020-07-18,3.426531087780717
2020-07-19,3.631243530764615
2020-07-20,3.605624106654118
2020-07-21,5.129267845219045
2020-07-22,3.873613075254935
2020-07-23,3.5840796028988327
2020-07-24,3.6822957905891607
2020-07-25,4.012997848823588
2020-07-26,5.146899025163531
2020-07-27,4.15362374076522
2020-07-28,4.037413061204607
2020-07-29,2.433897534880276
2020-07-30,5.212274299262667
2020-07-31,2.95172151271534
2020-08-01,3.4662494266116464
2020-08-02,3.152035639705748
2020-08-03,3.752099149304047
2020-08-04,2.85277159587294
2020-08-05,3.391118523400035
2020-08-06,3.39549443856318
2020-08-07,2.269971986631726
2020-08-08,3.061458297918147
2020-08-09,2.1727916541379635
2020-08-10,3.244382803040816
2020-08-11,3.597518419876044
2020-08-12,4.072495633672266
2020-08-13,3.6825755443465824
2020-08-14,3.6528397957129
2020-08-15,3.704561717111252
2020-08-16,3.933319957658281
2020-08-17,4.077632867193463
2020-08-18,4.037783914560258
2020-08-19,4.215847287790387
2020-08-20,3.793321952866448
2020-08-21,3.987852576603169
2020-08-22,5.252222334332846
2020-08-23,4.083002875915114
2020-08-24,3.7720258842446905
2020-08-25,5.048249744968564
2020-08-26,3.858416887780453
2020-08-27,5.034181392711135
2020-08-28,5.264081616943528
2020-08-29,5.478545774222693
2020-08-30,3.908393140812787
2020-08-31,3.916536955280325
2020-09-01,4.034972363663896
2020-09-02,3.652422555317369
2020-09-03,3.831073364439917
2020-09-04,3.904131537872429
2020-09-05,3.74456393104032
2020-09-06,3.3942721825891176
2020-09-07,3.934924232527848
2020-09-08,3.885229762164179
2020-09-09,3.643455635536848
2020-09-10,2.775385802114343
2020-09-11,1.7482996498138117
2020-09-12,3.0015830780970285
2020-09-13,2.515550486438878
2020-09-14,3.860878953534961
2020-09-15,3.49405204846748
2020-09-16,4.128391643813191
2020-09-17,3.656915642801173
2020-09-18,3.648064365934661
2020-09-19,2.3345751442546514
2020-09-20,2.9271868462152666
2020-09-21,3.5617718402819825
2020-09-22,5.104759469049483
2020-09-23,4.722579798214435
2020-09-24,5.070384243989057
2020-09-25,3.667601666882611
2020-09-26,3.131259622445949
2020-09-27,3.78448187074754
2020-09-28,3.830826135572987
2020-09-29,3.665724644175509
2020-09-30,3.792036039053238
2020-10-01,4.909426492032634
2020-10-02,5.117071296012198
2020-10-03,5.272886030232544
2020-10-04,4.9417479535871065
2020-10-05,5.053429674787637
2020-10-06,3.983184732345085
2020-10-07,3.8856509781167854
2020-10-08,3.557503218393273
2020-10-09,3.800685399526552
2020-10-10,3.406279940616673
2020-10-11,3.4507392618016945
2020-10-12,3.452936854540762
2020-10-13,3.8018288156906426
2020-10-14,4.7524540134972
2020-10-15,3.502243762801613
2020-10-16,4.194688189830319
2020-10-17,4.576522934238042
2020-10-18,4.81144156465284
2020-10-19,3.532577939323651
2020-10-20,3.446419707911128
2020-10-21,3.428715338733307
2020-10-22,3.431109074081328
2020-10-23,3.615354811251537
2020-10-24,4.51067861668661
2020-10-25,4.541584138517852
2020-10-26,4.446244389224403
2020-10-27,4.132914644160989
2020-10-28,4.396594339741344
2020-10-29,4.135815015092658
2020-10-30,4.188414511777626
2020-10-31,4.1894161583784815
2020-11-01,4.156775733226912
2020-11-02,4.084394880225807
2020-11-03,3.1242482994684107
2020-11-04,4.165267708958921
2020-11-05,3.089748325021008
2020-11-06,3.4443528005454542
2020-11-07,3.547676212670406
2020-11-08,3.33021019462531
2020-11-09,4.126780155909616
2020-11-10,4.218383324400934
2020-11-11,4.403210339262884
2020-11-12,3.432317292751764
2020-11-13,3.2810407648987514
2020-11-14,3.3367743130303733
2020-11-15,3.204687237488419
2020-11-16,3.210823028803886
2020-11-17,3.2426584449213536
2020-11-18,3.687513602319581
2020-11-19,4.005356858375318
2020-11-20,3.838402615618331
2020-11-21,4.0687983478826215
2020-11-22,4.017527663003998
2020-11-23,3.176536414009588
2020-11-24,3.224399453830282
2020-11-25,4.224479560929093
2020-11-26,3.14795771037702
2020-11-27,3.614617153016225
2020-11-28,4.097204581413605
2020-11-29,3.952327050381987
2020-11-30,3.0947066950846227
2020-12-01,3.208381404213705
2020-12-02,4.1978959519518
2020-12-03,2.6023816858784485
2020-12-04,2.743956730619901
2020-12-05,3.916200046869197
2020-12-06,3.950736408411938
2020-12-07,3.098097324779268
2020-12-08,3.1406967792721843
2020-12-09,3.970707548738285
2020-12-10,3.1352537944229946
2020-12-11,3.734326373811013
2020-12-12,3.544570984093101
2020-12-13,3.6916313920400783
2020-12-14,3.824594194803727
2020-12-15,4.02745189015014
2020-12-16,3.1566995813621124
2020-12-17,3.464869471397002
2020-12-18,4.075590031925094
2020-12-19,4.152518531323647
2020-12-20,4.124880832896564
2020-12-21,4.298818097916562
2020-12-22,3.2504480604917894
2020-12-23,3.018356250009953
2020-12-24,3.857404027473053
2020-12-25,3.8610832095361673
2020-12-26,3.943691069994111
2020-12-27,3.8332475368831016
2020-12-28,3.877356668352392
2020-12-29,4.055179430331352
2020-12-30,3.9110516906258126
2020-12-31,2.430576247865402
2021-01-01,4.049072874574753
2021-01-02,4.261488137346756
2021-01-03,3.330897661277953
2021-01-04,3.8431911345191
2021-01-05,2.9661011348092043
2021-01-06,2.9157330934314127
2021-01-07,3.094280272372703
2021-01-08,2.897219436848272
2021-01-09,2.977185857990647
2021-01-10,3.021260709059949
2021-01-11,2.486780274670423
2021-01-12,3.0479047031865303
2021-01-13,3.535582343827322
2021-01-14,3.149752852885764
2021-01-15,4.002510876745792
2021-01-16,4.170739744118488
2021-01-17,4.025486607269641
2021-01-18,4.245716007010105
2021-01-19,4.058668781913297
2021-01-20,4.076399611567116
2021-01-21,4.0462007793293
2021-01-22,4.087959849820269
2021-01-23,4.0537719098135065
2021-01-24,4.099031360894106
2021-01-25,4.36825378231844
2021-01-26,4.595254418542349
2021-01-27,4.454697946541018
2021-01-28,4.481181660950411
2021-01-29,4.253032352771606
2021-01-30,4.361929160287287
2021-01-31,4.53750173126729
2021-02-01,4.657469492868119
2021-02-02,4.727636700342313
2021-02-03,4.631225235387387
2021-02-04,4.623736973732224
2021-02-05,4.476373204371662
2021-02-06,4.619217823855773
2021-02-07,4.904139554808867
2021-02-08,5.00384501996204
2021-02-09,4.81502951272488
2021-02-10,4.847216024623718
2021-02-11,4.6855135892561055
2021-02-12,4.656341594000005
2021-02-13,4.639639519185645
2021-02-14,4.732319971132595
2021-02-15,4.561554913035948
2021-02-16,4.383230433597733
2021-02-17,4.373421729443783
2021-02-18,4.346255897966548
2021-02-19,4.566288256851019
2021-02-20,3.836990328354799
2021-02-21,4.53036570083458
2021-02-22,4.911073206911335
2021-02-23,4.718457730605978
2021-02-24,4.482649588343819
2021-02-25,4.379119758760533
2021-02-26,4.238718580293979
2021-02-27,4.474085169279277
2021-02-28,4.818831737395238
2021-03-01,4.640144175747715
2021-03-02,4.826210138865665
2021-03-03,5.096258967348542
2021-03-04,5.120334438253032
2021-03-05,4.966728740070929
2021-03-06,4.78777132724994
2021-03-07,4.874866642812972
2021-03-08,4.9289706812469785
2021-03-09,4.9787618692048365
2021-03-10,3.878525193603747
2021-03-11,3.775448461492015
2021-03-12,4.8063183327449925
2021-03-13,5.078475635714956
2021-03-14,5.07198069452977
2021-03-15,3.676750381254804
2021-03-16,5.017805057978688
2021-03-17,5.159274074185631
2021-03-18,5.074722000551073
2021-03-19,5.019068892879276
2021-03-20,4.861333607021396
2021-03-21,5.059711175409301
2021-03-22,5.154701596179026
2021-03-23,5.162479227227988
2021-03-24,3.921584191109117
2021-03-25,5.1104859694160165
2021-03-26,5.253445754486509
2021-03-27,4.000626164832055
2021-03-28,3.831714006234784
2021-03-29,4.112362040528375
2021-03-30,5.623716222220348
2021-03-31,3.962904431574368
2021-04-01,5.090926420108906
2021-04-02,5.6793502364685
2021-04-03,5.312956586313405
2021-04-04,5.426712151711838
2021-04-05,5.074154969018238
2021-04-06,3.855129193527584
2021-04-07,5.446175818459857
2021-04-08,5.005036383236822
2021-04-09,5.161806013539531
2021-04-10,5.2302233542826295
2021-04-11,4.026100255688264
2021-04-12,4.033251461798423
2021-04-13,4.229043057852924
2021-04-14,3.91737212560942
2021-04-15,3.944277011942614
2021-04-16,4.063172834025162
2021-04-17,4.281490850280327
2021-04-18,3.902748538832469
2021-04-19,4.343062565227709
2021-04-20,5.192488740181668
2021-04-21,4.015442480078294
2021-04-22,5.432786879873051
2021-04-23,5.108052406083944
2021-04-24,5.055165661559291
2021-04-25,3.676673650440282
2021-04-26,4.317814412636827
2021-04-27,4.417774554570376
2021-04-28,4.058636646280105
2021-04-29,4.88793397207149
2021-04-30,5.320025075183605
2021-05-01,4.05802357607388
2021-05-02,5.3953703687857
2021-05-03,4.154985985276134
2021-05-04,5.210457988964495
2021-05-05,4.000570713012055
2021-05-06,3.941826888982851
2021-05-07,3.8729456659403256
2021-05-08,5.512150278602817
2021-05-09,3.904758835421199
2021-05-10,3.9334993679546217
2021-05-11,4.13479585718925
2021-05-12,3.941544965794491
2021-05-13,3.614153031136164
2021-05-14,3.478683153997522
2021-05-15,3.476703274136787
2021-05-16,2.734172849508118
2021-05-17,3.79681656081742
2021-05-18,4.132780736870404
2021-05-19,3.968079185775721
2021-05-20,4.988001306704597
2021-05-21,3.018361182548277
2021-05-22,4.206409434095475
2021-05-23,4.197482686915008
2021-05-24,5.523868386053173
2021-05-25,4.210904653365921
2021-05-26,4.208862780786517
2021-05-27,6.006189314234528
2021-05-28,5.666123494560103
2021-05-29,5.271846460081113
2021-05-30,4.4144845842829294
2021-05-31,4.37873053805008
2021-06-01,5.104907583336845
2021-06-02,4.33330270493041
2021-06-03,3.824794794501532
2021-06-04,3.3761703928043736
2021-06-05,2.916240984896619
2021-06-06,5.367481790682218
2021-06-07,5.111882778475263
2021-06-08,5.272852759300831
2021-06-09,4.148973986247784
2021-06-10,5.086286592108445
2021-06-11,4.0611800778091975
2021-06-12,3.1473338825767
2021-06-13,3.089204649407457
2021-06-14,2.7477414375245792
2021-06-15,4.032522404274975
2021-06-16,3.364152160817624
2021-06-17,4.035771937710623
2021-06-18,3.674860499716616
2021-06-19,5.2790684061520805
2021-06-20,5.3472608375009205
2021-06-21,3.841300298501592
2021-06-22,3.9960196970417714
2021-06-23,3.908855751114035
2021-06-24,4.723259035956921
2021-06-25,5.133804927705677
2021-06-26,2.775190479726321
2021-06-27,4.046417868718645
2021-06-28,3.9417895924620616
2021-06-29,5.17012020901322
2021-06-30,3.760396444360138
2021-07-01,3.781624835436425
2021-07-02,4.003837183827419
2021-07-03,4.557122866586259
2021-07-04,3.87694519495855
2021-07-05,3.612870362162085
2021-07-06,3.876271934449608
2021-07-07,3.785792131710285
2021-07-08,3.9820530132435934
2021-07-09,2.8398070299257605
2021-07-10,2.543509731132662
2021-07-11,3.49122543344728
2021-07-12,3.210753567501053
2021-07-13,3.064098211317147
2021-07-14,3.863438765568393
2021-07-15,2.686891932329678
2021-07-16,2.9050013357960243
2021-07-17,3.4364879296793807
2021-07-18,1.866393790099979
2021-07-19,4.073271801123259
2021-07-20,3.852054190551636
2021-07-21,3.610208543706622
2021-07-22,3.4451644640965378
2021-07-23,2.979005596432428
2021-07-24,3.825967228374676
2021-07-25,2.9845692749748447
2021-07-26,3.831313557581439
2021-07-27,3.843227685264943
2021-07-28,5.154327119725496
2021-07-29,4.882772374211852
2021-07-30,5.280784868638813
2021-07-31,5.739868782193908
2021-08-01,5.166649713640673
2021-08-02,4.167771455745553
2021-08-03,4.031326948763376
2021-08-04,4.128121509289297
2021-08-05,3.769310639837805
2021-08-06,3.994424348953264
2021-08-07,2.558200060798777
2021-08-08,3.894660294581609
2021-08-09,5.095585450673863
2021-08-10,3.07724697038352
2021-08-11,3.643831921275256
2021-08-12,5.066356613324061
2021-08-13,3.761679289738284
2021-08-14,4.097884567538531
2021-08-15,4.176542240710677
2021-08-16,3.801483130075352
2021-08-17,3.48100505063814
2021-08-18,3.595750085400283
2021-08-19,3.740089257231133
2021-08-20,5.172779592581256
2021-08-21,3.730311743450781
2021-08-22,3.943425875654648
2021-08-23,3.5989144136068885
2021-08-24,3.991459868703702
2021-08-25,3.952247173765101
2021-08-26,3.7546043505443087
2021-08-27,3.298963482945337
2021-08-28,3.5492039319799167
2021-08-29,3.047291041044886
2021-08-30,4.212838132564998
2021-08-31,4.17854903365896
2021-09-01,4.035831601330075
2021-09-02,3.5509574910702217
2021-09-03,3.11385929334036
2021-09-04,3.505184171204311
2021-09-05,2.8820849404146127
2021-09-06,3.348328181146461
2021-09-07,3.7361222931299225
2021-09-08,3.888760131469489
2021-09-09,5.206694264613839
2021-09-10,5.274226734280536
2021-09-11,3.933541141548848
2021-09-12,3.9228586869811433
2021-09-13,3.6182079420994153
2021-09-14,4.024757179510608
2021-09-15,5.180666533919419
2021-09-16,4.864433681266769
2021-09-17,5.184239426232386
2021-09-18,3.925533249981152
2021-09-19,3.794028653947178
2021-09-20,3.74415704488818
2021-09-21,5.072527520579909
2021-09-22,4.890808858361755
2021-09-23,3.8587082067641454
2021-09-24,3.938805664504441
2021-09-25,5.202249882137548
2021-09-26,3.8290869856069607
2021-09-27,2.0786641900835345
2021-09-28,3.690302811401017
2021-09-29,3.808218332865829
2021-09-30,3.683269333326583
2021-10-01,2.941962214312766
2021-10-02,3.39825135861572
2021-10-03,3.657451666679023
2021-10-04,3.61024604875681
2021-10-05,3.491658450568334
2021-10-06,3.5745501437057867
2021-10-07,4.635676476236052
2021-10-08,3.143979179396622
2021-10-09,4.173348249875539
2021-10-10,3.228327433112452
2021-10-11,3.136360054770253
2021-10-12,2.196408685423864
2021-10-13,3.6946488847643417
2021-10-14,3.2908185557430603
2021-10-15,4.582315606437346
2021-10-16,3.3608462685402003
2021-10-17,3.1991235530203865
2021-10-18,2.849216159663257
2021-10-19,4.695917211617395
2021-10-20,3.312580344157254
2021-10-21,3.334845898219844
2021-10-22,3.432365989740276
2021-10-23,3.283482787673698
2021-10-24,3.371695054910125
2021-10-25,3.341762092888763
2021-10-26,3.062950219241635
2021-10-27,2.739079364326649
2021-10-28,3.3250481923973023
2021-10-29,3.290063633210312
2021-10-30,3.1814143893999987
2021-10-31,3.092659085903275
2021-11-01,3.0452672110892856
2021-11-02,3.4430499671264694
2021-11-03,3.172607176783542
2021-11-04,3.249856517882442
2021-11-05,2.9348249118722705
2021-11-06,3.135357962885277
2021-11-07,4.236100143762204
2021-11-08,2.884488863342866
2021-11-09,3.1125169339458965
2021-11-10,3.0314137510129906
2021-11-11,3.247251579757528
2021-11-12,2.783870360122697
2021-11-13,2.798550459813499
2021-11-14,2.72177052596178
2021-11-15,2.9864273656494618
2021-11-16,2.6670350950838366
2021-11-17,3.0148890272748785
2021-11-18,3.330015565181972
2021-11-19,4.238412686144044
2021-11-20,3.371523649180524
2021-11-21,2.915227775566787
2021-11-22,3.0608319530436883
2021-11-23,3.1225956852860355
2021-11-24,2.915985833547907
2021-11-25,2.836892618996342
2021-11-26,3.2309891810451665
2021-11-27,3.0271039083147966
2021-11-28,2.8684708339824256
2021-11-29,3.1576209549278174
2021-11-30,3.009665175001135
2021-12-01,3.196421269971254
2021-12-02,3.9061682442052543
2021-12-03,3.581919075949065
2021-12-04,3.7009623788402912
2021-12-05,3.816079587483297
2021-12-06,2.9041158520151296
2021-12-07,3.897686724247712
2021-12-08,3.979210866830111
2021-12-09,4.067795818552761
2021-12-10,4.020075653628332
2021-12-11,4.278233878583228
2021-12-12,4.279757226601146
2021-12-13,4.165698788275762
2021-12-14,3.799110207265095
2021-12-15,4.185222329911409
2021-12-16,4.092646886908208
2021-12-17,3.978691640151564
2021-12-18,4.139868545655123
2021-12-19,4.183712328405795
2021-12-20,4.074706252790041
2021-12-21,3.927992169334235
2021-12-22,3.885511070171463
2021-12-23,3.7670454189109104
2021-12-24,3.830248149054168
2021-12-25,3.9721889137360806
2021-12-26,3.91220839570053
2021-12-27,3.915705466067552
2021-12-28,4.030746149505383
2021-12-29,3.8865855251977233
2021-12-30,4.360311822151723
2021-12-31,4.425371894384671
2022-01-01,4.163904288218635
2022-01-02,4.1131253202445
2022-01-03,4.0877666482909065
2022-01-04,4.096849341056935
2022-01-05,3.83757541532848
2022-01-06,3.925696432519778
2022-01-07,3.7538821010394674
2022-01-08,3.834505038700205
2022-01-09,3.796796088767188
2022-01-10,3.914954348081684
2022-01-11,3.7867036919399375
2022-01-12,3.7450563245803328
2022-01-13,3.826807865549938
2022-01-14,4.089629829334728
2022-01-15,4.073146058009829
2022-01-16,4.184963048655604
2022-01-17,4.18762247562088
2022-01-18,4.410869666873993
2022-01-19,3.9800538130522702
2022-01-20,4.009723881253009
2022-01-21,4.339387127671839
2022-01-22,4.398277169879171
2022-01-23,4.304785296189308
2022-01-24,4.306273930467533
2022-01-25,4.070768181809166
2022-01-26,3.977608073048759
2022-01-27,4.467423609471561
2022-01-28,4.378356717711982
2022-01-29,4.625402289893906
2022-01-30,4.324197926823564
2022-01-31,4.21303250073056
2022-02-01,4.255564749879079
2022-02-02,4.289120480567053
2022-02-03,4.397252663974035
2022-02-04,4.427411736403321
2022-02-05,4.551534402253079
2022-02-06,4.329780903497428
2022-02-07,4.0403748037566665
2022-02-08,4.230508511462968
2022-02-09,3.302455209927485
2022-02-10,4.6413735611175255
2022-02-11,4.9301496110868674
2022-02-12,4.5839661827418725
2022-02-13,4.743754850278464
2022-02-14,4.367635110123335
2022-02-15,4.127283179626095
2022-02-16,4.194993047571958
2022-02-17,4.647566869269372
2022-02-18,4.881992693762743
2022-02-19,5.086019993738205
2022-02-20,4.569191094499092
2022-02-21,5.252165647877584
2022-02-22,4.667040996567235
2022-02-23,5.048112681216656
2022-02-24,2.824065005025912
2022-02-25,4.79020251644676
2022-02-26,4.872695787498314
2022-02-27,4.871431974324784
2022-02-28,4.718208173030084
2022-03-01,4.9983394040448665
2022-03-02,5.098666912320592
2022-03-03,5.427178312054127
2022-03-04,5.282074057310108
2022-03-05,4.658564623884041
2022-03-06,5.032465231935137
2022-03-07,5.090390313594019
2022-03-08,4.68604587765507
2022-03-09,4.756458772192087
2022-03-10,4.990157872983534
2022-03-11,4.905667296295941
2022-03-12,4.71643627270506
2022-03-13,5.435689961407208
2022-03-14,4.812518518381703
2022-03-15,4.981707872050085
2022-03-16,5.0728534681046185
2022-03-17,5.008655999729691
2022-03-18,4.419269706878297
2022-03-19,4.997683009907294
2022-03-20,4.730397713631868
2022-03-21,6.101614072354261
2022-03-22,4.597527677178236
2022-03-23,3.9406665393702864
2022-03-24,5.150204072441626
2022-03-25,5.19332014347073
2022-03-26,4.034954287940126
2022-03-27,4.132777499631725
2022-03-28,4.312543944089501
2022-03-29,4.211279114004726
2022-03-30,3.9948145381909135
2022-03-31,5.378513397136255
2022-04-01,4.220349052347054
2022-04-02,4.242779830228468
2022-04-03,5.426527244354502
2022-04-04,5.516815376302659
2022-04-05,5.287692626660921
2022-04-06,4.018048584835762
2022-04-07,4.335583082618609
2022-04-08,4.197853818885325
2022-04-09,4.135333771985222
2022-04-10,4.074312120090051
2022-04-11,3.648765849574508
2022-04-12,3.4940195128322946
2022-04-13,3.2767121313501124
2022-04-14,4.008217458682908
2022-04-15,5.848497848844468
2022-04-16,5.648633796854445
2022-04-17,5.380430102997043
2022-04-18,5.542489734836906
2022-04-19,5.5882052563981714
2022-04-20,5.369259209980061
2022-04-21,5.232686797658605
2022-04-22,3.671403909622741
2022-04-23,3.677018913216649
2022-04-24,4.397826753151948
2022-04-25,5.573325480816038
2022-04-26,4.036840994160508
2022-04-27,5.380089362991355
2022-04-28,5.207865802421135
2022-04-29,4.024079682409703
2022-04-30,4.590854963551373
2022-05-01,5.405416105157933
2022-05-02,4.071047468590803
2022-05-03,4.411676302629924
2022-05-04,4.174569400211952
2022-05-05,5.062812040409975
2022-05-06,4.458937262614851
2022-05-07,4.338708303506115
2022-05-08,4.582786834614696
2022-05-09,3.856907374531556
2022-05-10,3.990946965494005
2022-05-11,3.3589417483278226
2022-05-12,3.53690787606219
2022-05-13,4.148755672005711
2022-05-14,3.001413501234849
2022-05-15,2.9765410692299628
2022-05-16,3.6494897767386
2022-05-17,3.5492495766981595
2022-05-18,3.4297399279568235
2022-05-19,3.11451678515085
2022-05-20,3.374820757401786
2022-05-21,3.717400802356312
2022-05-22,3.1946750037012945
2022-05-23,5.295967205963519
2022-05-24,5.398852413441366
2022-05-25,4.155535250443624
2022-05-26,4.011488095080581
2022-05-27,4.157087339809921
2022-05-28,4.204148789304231
2022-05-29,5.573029084260111
2022-05-30,4.286200853058591
2022-05-31,4.486358994031861
2022-06-01,4.281455070104454
2022-06-02,4.140725339569693
2022-06-03,4.190824852176146
2022-06-04,5.441546421270808
2022-06-05,3.945056886254729
2022-06-06,3.973093206110408
2022-06-07,4.752855062091011
2022-06-08,4.121597856108149
2022-06-09,5.649427216894269
2022-06-10,5.126690429578944
2022-06-11,4.965321403851826
2022-06-12,3.39202743240186
2022-06-13,5.42382913276218
2022-06-14,4.225338718308265
2022-06-15,3.666753274560458
2022-06-16,3.974379886962173
2022-06-17,4.017649937297277
2022-06-18,3.6971043766483054
2022-06-19,3.8429715154174255
2022-06-20,3.9965597713850927
2022-06-21,3.539477473509393
2022-06-22,3.4309668945658807
2022-06-23,3.606992595855837
2022-06-24,3.758649800262211
2022-06-25,2.9732072631051185
2022-06-26,4.1811977385658485
2022-06-27,3.477665735179474
2022-06-28,3.5338349497790427
2022-06-29,2.981865541045986
2022-06-30,2.6641769697148523
2022-07-01,2.847198387495628
2022-07-02,3.651126636903976
2022-07-03,3.17761308570797
2022-07-04,3.125755442961708
2022-07-05,2.2038995478824632
2022-07-06,2.6486685411648163
2022-07-07,1.6085063072044172
2022-07-08,3.527002164679248
2022-07-09,2.1755298499078344
2022-07-10,3.337714328855126
2022-07-11,3.655525006743329
2022-07-12,2.914215951863964
2022-07-13,3.6975605329671897
2022-07-14,3.7247364891210912
2022-07-15,4.135363182477048
2022-07-16,2.6297099735411003
2022-07-17,3.465438918175376
2022-07-18,3.743105830752467
2022-07-19,4.237449771857302
2022-07-20,3.959308494676785
2022-07-21,4.168172725404792
2022-07-22,3.684802180199604
2022-07-23,3.3123697099446487
2022-07-24,4.177466583088087
2022-07-25,4.194586803880721
2022-07-26,3.999643623954032
2022-07-27,3.842800053119759
2022-07-28,3.93137438724252
2022-07-29,3.853937315849192
2022-07-30,3.927635193621878
2022-07-31,4.253443716448442
2022-08-01,3.0062239313930763
2022-08-02,2.7859305375642465
2022-08-03,2.490104497087588
2022-08-04,2.0657309526219025
2022-08-05,2.715687006876459
2022-08-06,3.465605459876736
2022-08-07,3.295000315933516
2022-08-08,3.4203730804380874
2022-08-09,4.014582578277194
2022-08-10,4.908740036756857
2022-08-11,4.853649228222117
2022-08-12,5.809887478341926
2022-08-13,5.697092141062488
2022-08-14,3.935280489956008
2022-08-15,4.121016479798401
2022-08-16,5.213084230516957
2022-08-17,5.242924552683228
2022-08-18,3.625417432807056
2022-08-19,4.113271891394102
2022-08-20,5.185856858254496
2022-08-21,3.941642554616362
2022-08-22,3.067014142111053
2022-08-23,2.8545084371834326
2022-08-24,3.053899229788171
2022-08-25,3.989978567874729
2022-08-26,3.812007384717922
2022-08-27,3.412855102862632
2022-08-28,4.099217555366117
2022-08-29,3.658712748914764
2022-08-30,3.592914268560857
2022-08-31,3.815407417943884
2022-09-01,3.5264802257810928
2022-09-02,4.7427723082535485
2022-09-03,3.68151394908312
2022-09-04,3.9707812885146025
2022-09-05,3.825484746100453
2022-09-06,3.224069314701045
2022-09-07,3.2204681092177183
2022-09-08,3.8032576171838026
2022-09-09,3.198184388535068
2022-09-10,3.336466701593669
2022-09-11,3.5405346754225584
2022-09-12,4.176293612907949
2022-09-13,4.869941411876099
2022-09-14,4.749875032376208
2022-09-15,3.962786402033563
2022-09-16,5.270570445316396
2022-09-17,5.206542759363449
2022-09-18,4.072276171844169
2022-09-19,4.14080852221611
2022-09-20,4.047883243384621
2022-09-21,5.374066830394092
2022-09-22,5.343328697109733
2022-09-23,5.278888649008593
2022-09-24,5.212719045830485
2022-09-25,4.057089202357506
2022-09-26,4.919346802031337
2022-09-27,4.938642164396958
2022-09-28,5.071996522494437
2022-09-29,3.929890260130482
2022-09-30,3.701762650646088
2022-10-01,3.459974926989636
2022-10-02,3.9134993456366174
2022-10-03,3.718221043336254
2022-10-04,3.731481904001197
2022-10-05,3.627490885449535
2022-10-06,2.7716563531294764
2022-10-07,3.6131913955346944
2022-10-08,3.5975569200612734
2022-10-09,3.432036483578236
2022-10-10,3.552902831781416
2022-10-11,3.246879530873715
2022-10-12,4.549605045281893
2022-10-13,3.618184745357065
2022-10-14,3.4535915409462685
2022-10-15,3.607768366734265
2022-10-16,4.136112043630269
2022-10-17,3.141287828532908
2022-10-18,3.243010728413036
2022-10-19,3.48553101302218
2022-10-20,3.3388790012775766
2022-10-21,3.3801364295473464
2022-10-22,4.400112005608592
2022-10-23,4.278411283732914
2022-10-24,4.375560155385435
2022-10-25,4.524749936359422
2022-10-26,4.467748918607453
2022-10-27,4.574035690834024
2022-10-28,4.623195924026811
2022-10-29,3.61116300893583
2022-10-30,3.080060331789393
2022-10-31,3.32461136974598
2022-11-01,3.086249659373384
2022-11-02,3.244259139609022
2022-11-03,3.392705881246596
2022-11-04,3.312627366299176
2022-11-05,3.2488131742217923
2022-11-06,3.276487661324268
2022-11-07,3.298034927948144
2022-11-08,3.997195483472997
2022-11-09,4.088957585804999
2022-11-10,4.135681257970907
2022-11-11,2.579594503869817
2022-11-12,2.6952075136839726
2022-11-13,3.345230842606468
2022-11-14,3.249851581279633
2022-11-15,2.868909662426452
2022-11-16,3.715991216786149
2022-11-17,4.005145869573688
2022-11-18,3.936348817655528
2022-11-19,3.1831261633686005
2022-11-20,3.99706532933253
2022-11-21,4.08522859487597
2022-11-22,4.096519094706399
2022-11-23,4.0868534489239146
2022-11-24,3.5683737069783925
2022-11-25,3.7243672076629046
2022-11-26,3.655624745647396
2022-11-27,2.762178156097957
2022-11-28,2.8676493032711563
2022-11-29,3.4893507591642234
2022-11-30,3.741260406575452
2022-12-01,3.836101982853948
2022-12-02,3.929528644701112
2022-12-03,2.9475427627217505
2022-12-04,2.935581822310561
2022-12-05,3.8392674384683634
2022-12-06,2.965366529994475
2022-12-07,2.9223969191208736
2022-12-08,3.192502508548169
2022-12-09,2.7898981113902765
2022-12-10,3.6541740891026255
2022-12-11,2.1457544314707904
2022-12-12,1.9682827960314424
2022-12-13,3.798301780371754
2022-12-14,3.702300680932592
2022-12-15,3.907737533860239
2022-12-16,3.890678711791997
2022-12-17,4.076705514809282
2022-12-18,4.133835840847813
2022-12-19,4.0416244840340765
2022-12-20,4.190677387270628
2022-12-21,4.135511507752913
2022-12-22,4.100598214904726
2022-12-23,4.0374502010919535
2022-12-24,4.175848067993019
2022-12-25,4.081181647508924
2022-12-26,4.079695543535966
2022-12-27,3.866607447735487
2022-12-28,3.727540726798648
2022-12-29,3.989346958403624
2022-12-30,3.835382436398104
2022-12-31,4.028892199163569
2023-01-01,4.023290908543872
2023-01-02,3.838097569820396
2023-01-03,4.142519231046869
2023-01-04,4.008297069467401
2023-01-05,4.230102011049367
2023-01-06,4.372288654723431
2023-01-07,4.372282711375663
2023-01-08,4.2760953572027445
2023-01-09,4.16401425912294
2023-01-10,4.271839416063133
2023-01-11,4.126087358768605
2023-01-12,4.066063240061359
2023-01-13,3.855881983987121
2023-01-14,3.836466615007136
2023-01-15,3.9126345259044655
2023-01-16,3.884789498248301
2023-01-17,4.044417992636098
2023-01-18,4.256875663035075
2023-01-19,4.3870606431476205
2023-01-20,4.456794637177192
2023-01-21,4.187104228214165
2023-01-22,4.3832856358569385
2023-01-23,4.290265083845392
2023-01-24,3.4204763205759003
2023-01-25,3.658753230880601
2023-01-26,4.079318412787413
2023-01-27,4.1502003855969845
2023-01-28,4.322333141792746
2023-01-29,4.443468257666803
2023-01-30,4.373961042052989
2023-01-31,4.233270720844164
2023-02-01,3.8102741235543487
2023-02-02,4.75668957020591
2023-02-03,4.657407956489118
2023-02-04,4.72216436075322
2023-02-05,4.471832883515496
2023-02-06,4.246074497810053
2023-02-07,4.3703950131768
2023-02-08,4.396244040270397
2023-02-09,4.158885242731484
2023-02-10,4.514450778736024
2023-02-11,4.614065029025972
2023-02-12,4.452208826392988
2023-02-13,5.019854127019988
2023-02-14,4.46308868213608
2023-02-15,4.600814869064745
2023-02-16,5.000738256326205
2023-02-17,4.9076643683300905
2023-02-18,4.351384050211454
2023-02-19,4.726250271420427
2023-02-20,4.463138173181085
2023-02-21,4.596756740493686
2023-02-22,4.955813547004416
2023-02-23,5.055654591532998
2023-02-24,4.652435918284426
2023-02-25,4.87953739804711
2023-02-26,5.425622987543468
2023-02-27,5.129568123588075
2023-02-28,5.3837143743400295
2023-03-01,5.522435786130205
2023-03-02,5.202765287570434
2023-03-03,5.58425064425597
2023-03-04,6.005629954409416
2023-03-05,5.1522911623727845
2023-03-06,5.1910160871509765
2023-03-07,5.289239375944046
2023-03-08,6.121883879860149
2023-03-09,5.773048407082978
2023-03-10,5.497088827906194
2023-03-11,5.267162012192457
2023-03-12,5.125175810520767
2023-03-13,5.434287635224528
2023-03-14,4.8263124168977365
2023-03-15,5.397701680756018
2023-03-16,4.753802478661527
2023-03-17,5.525208386747658
2023-03-18,5.495410155282708
2023-03-19,5.196828972974481
2023-03-20,5.444025942824162
2023-03-21,6.153084280229391
2023-03-22,5.853870140254108
2023-03-23,5.217567304092082
2023-03-24,4.460655773145632
2023-03-25,5.449342303933011
2023-03-26,5.661125643908074
2023-03-27,5.779552199542456
2023-03-28,5.32572184691161
2023-03-29,3.574530997991048
2023-03-30,5.23869338875565
2023-03-31,5.063937348123897
2023-04-01,4.882108621486719
2023-04-02,5.344362329658236
2023-04-03,5.303002672171056
2023-04-04,2.7908800470447064
2023-04-05,5.223586364960139
2023-04-06,4.850683378186879
2023-04-07,5.50223832483811
2023-04-08,5.817585876301632
2023-04-09,5.31340969215505
2023-04-10,5.405009830574674
2023-04-11,5.283827819354197
2023-04-12,4.635283277418392
2023-04-13,5.473899693547878
2023-04-14,5.510591831548245
2023-04-15,5.918946647799399
2023-04-16,5.542597135323678
2023-04-17,5.739567177285094
2023-04-18,5.891151477475627
2023-04-19,5.924485301603701
2023-04-20,6.23530187544585
2023-04-21,6.193970718168334
2023-04-22,5.615802980555214
2023-04-23,5.5211260376801725
2023-04-24,5.33238835079806
2023-04-25,3.914721827180604
2023-04-26,4.253515570395239
2023-04-27,5.803142348078926
2023-04-28,5.773678580234679
2023-04-29,4.259893780852631
2023-04-30,4.390476623461316
2023-05-01,4.1869305644524
2023-05-02,4.0854140497295335
2023-05-03,5.828463449370885
2023-05-04,5.493683352388112
2023-05-05,4.020677305113119
2023-05-06,4.348920121238699
2023-05-07,5.420511817913294
2023-05-08,4.297290260660641
2023-05-09,4.464782253010885
2023-05-10,4.397419854512333
2023-05-11,4.459773970628701
2023-05-12,5.598462719895382
2023-05-13,4.409911889810536
2023-05-14,5.884427032414844
2023-05-15,5.798423659866631
2023-05-16,5.566842313269862
2023-05-17,4.093511847166513
2023-05-18,4.180885830729338
2023-05-19,5.686787544601289
2023-05-20,4.0562577510782845
2023-05-21,3.944956871431773
2023-05-22,4.548298893590637
2023-05-23,4.336704214927451
2023-05-24,4.353107539941415
2023-05-25,4.672373902674189
2023-05-26,4.055869325016006
2023-05-27,5.592167707007144
2023-05-28,4.132643941801346
2023-05-29,4.136212209943059
2023-05-30,4.29645214722027
2023-05-31,4.12803156343112
2023-06-01,3.7875130113066486
2023-06-02,4.153280913607397
2023-06-03,4.273801645264147
2023-06-04,5.241157123193716
2023-06-05,4.8283877187413
2023-06-06,5.689223143237793
2023-06-07,3.38209002271524
2023-06-08,5.715184645128824
2023-06-09,3.943491577872906
2023-06-10,2.863129855997869
2023-06-11,3.829227759593477
2023-06-12,2.9721547918394413
2023-06-13,4.950612386805164
2023-06-14,3.6972876691609593
2023-06-15,5.464759435249802
2023-06-16,4.229892638631597
2023-06-17,4.109663934908459
2023-06-18,4.0949792989304665
2023-06-19,4.012791566454337
2023-06-20,3.5143497503355423
2023-06-21,3.877170603024382
2023-06-22,4.0800355134394986
2023-06-23,3.738874261373723
2023-06-24,4.960063644066391
2023-06-25,3.5561104394165515
2023-06-26,3.950915773648607
2023-06-27,2.970758619843886
2023-06-28,4.634181933303575
2023-06-29,3.1972892266001707
2023-06-30,4.191698886982438
2023-07-01,4.029688358127334
2023-07-02,3.876910467313389
2023-07-03,3.1432594464104766
2023-07-04,2.417356770354389
2023-07-05,2.896115255538492
2023-07-06,2.608364661586758
2023-07-07,2.961435035597471
2023-07-08,2.6352243291085635
2023-07-09,3.794799839347748
2023-07-10,3.794926596606407
2023-07-11,3.333249185191501
2023-07-12,4.049675016675043
2023-07-13,2.4236514130705533
2023-07-14,5.121226894741403
2023-07-15,3.847183998678683
2023-07-16,3.8135294637877934
2023-07-17,3.789338915377217
2023-07-18,4.230423807082049
2023-07-19,3.867194024242933
2023-07-20,4.260222669286949
2023-07-21,3.5998314748604217
2023-07-22,2.9836451708184817
2023-07-23,3.1575278016030124
2023-07-24,2.77762773996724
2023-07-25,2.9142042111807083
2023-07-26,3.04392335439672
2023-07-27,3.537212496483331
2023-07-28,5.477446452081852
2023-07-29,5.655163988659332
2023-07-30,5.652645590278625
2023-07-31,4.359201041929469
2023-08-01,4.386202246332377
2023-08-02,4.212244138443395
2023-08-03,5.299890564026513
2023-08-04,5.362649789708946
2023-08-05,5.494982719960104
2023-08-06,5.4579545256452375
2023-08-07,5.343642674412621
2023-08-08,3.8265803016775934
2023-08-09,4.136862824681689
2023-08-10,3.885368266496015
2023-08-11,3.941646289743063
2023-08-12,4.12601414823724
2023-08-13,5.265327157684522
2023-08-14,5.183438470436898
2023-08-15,5.404296121371062
2023-08-16,5.435955929519226
2023-08-17,5.477739304840676
2023-08-18,4.066571732163387
2023-08-19,3.833453098347639
2023-08-20,5.453259973735187
2023-08-21,5.417068316956964
2023-08-22,4.0920578648310695
2023-08-23,4.965362927686667
2023-08-24,4.722041217578707
2023-08-25,5.347171967665787
2023-08-26,5.278666305221559
2023-08-27,4.95294737423659
2023-08-28,5.084378776066239
2023-08-29,4.029537601693524
2023-08-30,4.131850813393041
2023-08-31,3.8012338984960015
2023-09-01,4.142229770325052
2023-09-02,4.847770651212045
2023-09-03,3.723692130859744
2023-09-04,4.087600297338748
2023-09-05,3.2938971993154325
2023-09-06,3.6446332363655833
2023-09-07,3.485458167254857
2023-09-08,3.461427764914617
2023-09-09,3.8089841022521775
2023-09-10,3.257724703100295
2023-09-11,4.01004820334328
2023-09-12,4.174466469290692
2023-09-13,3.9459064054532753
2023-09-14,3.664651883242179
2023-09-15,3.44473885211458
2023-09-16,3.770294317994499
2023-09-17,3.3331899968086978
2023-09-18,3.825428111423465
2023-09-19,4.763369957853461
2023-09-20,3.7617782487531946
2023-09-21,3.9024965586131497
2023-09-22,3.822444201756288
2023-09-23,3.875434530394338
2023-09-24,3.400709173853341
2023-09-25,3.900853240573611
2023-09-26,3.7529540787751694
2023-09-27,3.92536294339324
2023-09-28,3.2054850792458103
2023-09-29,2.87237714185526
2023-09-30,2.8804215888851314
2023-10-01,3.271337454341829
2023-10-02,3.675360543252003
2023-10-03,4.874192154723199
2023-10-04,5.067006680432001
2023-10-05,5.170756578062081
2023-10-06,5.114946239500629
2023-10-07,5.003429552153962
2023-10-08,3.610149509924659
2023-10-09,3.7195310343518937
2023-10-10,3.6576936365202353
2023-10-11,3.4554986037272903
2023-10-12,3.2674321307811405
2023-10-13,3.6328105217815376
2023-10-14,3.5298781556696497
2023-10-15,4.47979355750624
2023-10-16,3.066648618056856
2023-10-17,3.565153073653188
2023-10-18,4.152098854244987
2023-10-19,4.297282672114057
2023-10-20,4.17614972925817
2023-10-21,4.283762072502238
2023-10-22,3.2762394861451
2023-10-23,3.163507287131151
2023-10-24,4.375385917142824
2023-10-25,4.082885088983734
2023-10-26,3.1849075933475537
2023-10-27,3.4315773008060373
2023-10-28,3.4076564057079635
2023-10-29,3.112230138649859
2023-10-30,3.2774533950430267
2023-10-31,3.345048942605696
2023-11-01,3.2032611643687794
2023-11-02,3.130014059159381
2023-11-03,3.0938045237660794
2023-11-04,2.8145808603483617
2023-11-05,2.636117449346532
2023-11-06,3.129155667371509
2023-11-07,3.1485131612785624
2023-11-08,2.895767499459686
2023-11-09,3.205905951966683
2023-11-10,3.2933587193375167
2023-11-11,4.072053342616878
2023-11-12,3.2153227866305683
2023-11-13,4.0516946861536125
2023-11-14,4.147763531640647
2023-11-15,3.942503255755861
2023-11-16,3.894147691949517
2023-11-17,3.7810660100256777
2023-11-18,2.8912707746328943
2023-11-19,3.0035161911262707
2023-11-20,4.075608493447954
2023-11-21,3.076269306398972
2023-11-22,2.953990897761441
2023-11-23,2.929528326725417
2023-11-24,2.567019166678869
2023-11-25,3.2672831160075164
2023-11-26,4.000450042300839
2023-11-27,3.7326134535656097
2023-11-28,3.978660052437804
2023-11-29,3.8857145268181967
2023-11-30,3.593788585417484
2023-12-01,3.428815604520836
2023-12-02,3.852191183979375
2023-12-03,2.978083853941176
2023-12-04,2.914088973901688
2023-12-05,2.9325683039937385
2023-12-06,3.7587172327524296
2023-12-07,3.889311343992421
2023-12-08,2.838976823339557
2023-12-09,3.1417334312477907
2023-12-10,2.9674927500430908
2023-12-11,2.833870450021481
2023-12-12,3.582759303993853
2023-12-13,3.891792507801914
2023-12-14,4.042182012727944
2023-12-15,4.033491011722235
2023-12-16,3.161159312790472
2023-12-17,3.019287256174656
2023-12-18,3.158436167277148
2023-12-19,4.15869949141998
2023-12-20,4.179920563092097
2023-12-21,4.073353652721208
2023-12-22,3.787656408258464
2023-12-23,3.937097985195463
2023-12-24,4.285402794257543
2023-12-25,3.20935413161626
2023-12-26,3.839643351714096
2023-12-27,4.392724266200834
2023-12-28,4.487977030939286
2023-12-29,4.366479883250732
2023-12-30,4.309262657280564
2023-12-31,4.165056124146357
2024-01-01,2.903829813151667
2024-01-02,3.7543641846079616
2024-01-03,3.272618440282443
2024-01-04,2.36620179950659
2024-01-05,3.8002783673617104
2024-01-06,2.972703181352487
2024-01-07,3.101989503058436
2024-01-08,2.958916718721233
2024-01-09,2.922987047100433
2024-01-10,3.3293106944940147
2024-01-11,4.4519416171983295
2024-01-12,4.535366683705383
2024-01-13,4.223646546293272
2024-01-14,4.073087938156489
2024-01-15,3.8272026810857054
2024-01-16,3.856867774245046
2024-01-17,3.91597667984284
2024-01-18,4.062275487591464
2024-01-19,4.235194411986862
2024-01-20,4.10187215729974
2024-01-21,4.101152069285119
2024-01-22,4.190965695625734
2024-01-23,4.00707733046968
2024-01-24,3.974484421760566
2024-01-25,4.19931360407224
2024-01-26,4.379915667868358
2024-01-27,4.549342000056558
2024-01-28,4.431938965637128
2024-01-29,4.49575019423045
2024-01-30,4.293038448112315
2024-01-31,4.382406872372656
2024-02-01,4.444612014570574
2024-02-02,4.204651479863433
2024-02-03,4.4673247894898624
2024-02-04,4.405862173839076
2024-02-05,4.622456381669107
2024-02-06,4.65969352974133
2024-02-07,4.64567568365436
2024-02-08,4.8225036080258965
2024-02-09,4.872609209804624
2024-02-10,4.9343091098047385
2024-02-11,5.08236659117374
2024-02-12,5.088942386120205
2024-02-13,5.09211766484945
2024-02-14,5.120911911393402
2024-02-15,5.20271386950365
2024-02-16,5.227398958923203
2024-02-17,5.040634631773406
2024-02-18,4.779151585984559
2024-02-19,4.664688763581255
2024-02-20,4.60812691691239
2024-02-21,4.880261820636027
2024-02-22,5.116978133104416
2024-02-23,5.15949748707738
2024-02-24,4.837240187177851
2024-02-25,4.632970554822992
2024-02-26,5.642725443836211
2024-02-27,5.048087068680186
2024-02-28,5.0273209775808
2024-02-29,5.208959649757859
2024-03-01,3.9278145169561247
2024-03-02,4.832763737436506
2024-03-03,4.793526807206305
2024-03-04,5.002133155835126
2024-03-05,5.0371157572458864
2024-03-06,4.854095233926136
2024-03-07,4.9943903102476535
2024-03-08,5.368842653508251
2024-03-09,5.177096534508454
2024-03-10,5.068628777636964
2024-03-11,5.179424574165922
2024-03-12,5.175244346598342
2024-03-13,5.365030385191902
2024-03-14,5.687044907760594
2024-03-15,5.341344233888598
2024-03-16,4.90277817948882
2024-03-17,5.389872441342372
2024-03-18,5.1512245089848445
2024-03-19,5.162114012989863
2024-03-20,5.537674795060052
2024-03-21,5.339156685456191
2024-03-22,4.653201889943291
2024-03-23,5.1240357827498
2024-03-24,5.19913297477515
2024-03-25,5.215460182381783
2024-03-26,5.418285666722389
2024-03-27,5.644994776446874
2024-03-28,5.696696269900545
2024-03-29,5.624769580180151
2024-03-30,5.566822186986295
2024-03-31,5.755294504417715
2024-04-01,6.007272189192766
2024-04-02,5.878804227917672
2024-04-03,6.082675949328919
2024-04-04,5.798885002694893
2024-04-05,5.76832879349858
2024-04-06,6.023599857819412
2024-04-07,5.577379287654866
2024-04-08,5.520828207801975
2024-04-09,5.339511986299789
2024-04-10,5.517935023639204
2024-04-11,5.383205122167256
2024-04-12,5.469699620957979
2024-04-13,4.403128072854198
2024-04-14,5.8975521055690985
2024-04-15,5.338542462752632
2024-04-16,6.00688447447361
2024-04-17,6.575062669111894
2024-04-18,6.893431889114269
2024-04-19,6.114042603475545
2024-04-20,4.519629939716626
2024-04-21,5.830313833997943
2024-04-22,5.613831616330872
2024-04-23,5.497619402268473
2024-04-24,5.328229507899649
2024-04-25,5.645371710721931
2024-04-26,5.546236221879591
2024-04-27,5.65383052178136
2024-04-28,5.776584505685388
2024-04-29,5.701003393818849
2024-04-30,5.978178801076702
2024-05-01,5.970867029320236
2024-05-02,6.502192279461967
2024-05-03,4.34319636750394
2024-05-04,6.689476667244207
2024-05-05,6.510256285622175
2024-05-06,6.579017479971893
2024-05-07,6.406954632419216
2024-05-08,4.218678216069879
2024-05-09,4.1483562248431545
2024-05-10,3.75324890607634
2024-05-11,3.943715789391316
2024-05-12,4.102842772041233
2024-05-13,3.589727599968255
2024-05-14,3.948734403545063
2024-05-15,4.080727025116251
2024-05-16,4.214438358415829
2024-05-17,3.968048335633421
2024-05-18,4.194346274299862
2024-05-19,3.8957850168071815
2024-05-20,2.650449239760323
2024-05-21,4.259242838337405
2024-05-22,4.050550935341448
2024-05-23,2.7840108607011973
2024-05-24,3.3854724295302576
2024-05-25,4.032302374049357
2024-05-26,3.81933681984016
2024-05-27,4.393883348888193
2024-05-28,2.72670203164262
2024-05-29,4.226723235574048
2024-05-30,3.783155950628928
